Data;Ostatnio;Otwarcie;Max.;Min.;Wol.;Zmiana%
02.01.2025;193,5;192;197,3;190,25;332,30K;1,07%
03.01.2025;196,1;193,5;198,75;193;291,97K;1,34%
07.01.2025;193,3;196,3;200,4;193,1;394,13K;-1,43%
08.01.2025;184,5;193,3;193,65;183,2;460,02K;-4,55%
09.01.2025;189,2;184,65;189,2;184,5;178,72K;2,55%
10.01.2025;192,15;189,4;192,55;187;249,05K;1,56%
13.01.2025;190;190;191;187,2;206,27K;-1,12%
14.01.2025;192;190,1;192,85;189;273,17K;1,05%
15.01.2025;194,55;192;194,55;189,6;208,41K;1,33%
16.01.2025;207,1;195,55;209;194,35;776,18K;6,45%
17.01.2025;218,5;206,9;220,2;204,4;813,95K;5,50%
20.01.2025;216,7;218,5;221,5;216,1;356,52K;-0,82%
21.01.2025;222,8;216,7;222,8;214;381,69K;2,81%
22.01.2025;211,8;222,8;223,9;209,2;547,56K;-4,94%
23.01.2025;212,7;210;214,1;208,4;250,60K;0,42%
24.01.2025;207,1;208;213,6;205,3;264,53K;-2,63%
27.01.2025;205;205;206,6;201,8;347,21K;-1,01%
28.01.2025;203;205,5;207,3;201,3;150,35K;-0,98%
29.01.2025;204,5;203,1;208,2;203,1;140,81K;0,74%
30.01.2025;211;204,5;211;204,3;185,76K;3,18%
31.01.2025;211,1;211,8;212,3;208,4;204,21K;0,05%
03.02.2025;208,8;205;210,6;205;301,44K;-1,09%
04.02.2025;214,8;209,4;215,2;208,8;276,32K;2,87%
05.02.2025;221,6;215,2;221,8;214,3;557,30K;3,17%
06.02.2025;219;222;224,1;215,2;358,57K;-1,17%
07.02.2025;216,6;219,5;219,9;215,8;212,53K;-1,10%
10.02.2025;219;217;219,6;216,1;174,20K;1,11%
11.02.2025;224,3;219,2;224,3;218,1;250,02K;2,42%
12.02.2025;229,3;224,3;235,9;223,8;608,53K;2,23%
13.02.2025;226,9;230,7;231,9;223,5;260,36K;-1,05%
14.02.2025;226,8;227,7;229,9;223,8;238,42K;-0,04%
17.02.2025;230;226,8;231,4;225;123,81K;1,41%
18.02.2025;229;230;231,2;227,8;179,74K;-0,43%
19.02.2025;228,3;229,3;238,8;225,8;396,85K;-0,31%
20.02.2025;225,8;229,2;230,4;224,5;203,36K;-1,10%
21.02.2025;228,2;226,9;231,7;225,8;186,13K;1,06%
24.02.2025;221,7;227,6;227,9;220,1;212,58K;-2,85%
25.02.2025;220,7;221,7;223,7;218,3;231,35K;-0,45%
26.02.2025;222,9;220,2;222,9;219,1;191,05K;1,00%
27.02.2025;218;223;223,6;215,5;241,22K;-2,20%
28.02.2025;221,6;215,4;222,8;215,2;374,14K;1,65%
03.03.2025;221;219,7;222,8;217,3;241,83K;-0,27%
04.03.2025;216;218,3;219,7;215,5;355,34K;-2,26%
05.03.2025;219,2;218,8;225,3;216,5;210,32K;1,48%
06.03.2025;215,8;220;220,8;210,4;372,41K;-1,55%
07.03.2025;215,5;215,8;218,7;212,8;270,70K;-0,14%
10.03.2025;212,6;214,5;215,9;210,2;334,97K;-1,35%
11.03.2025;209,7;212,5;216,1;206,5;411,47K;-1,36%
12.03.2025;209,7;210,8;212,7;208,4;323,68K;0,00%
13.03.2025;213,3;208,4;214;207,3;249,70K;1,72%
14.03.2025;216;214;216,1;211,6;250,54K;1,27%
17.03.2025;216;216,5;220;214,8;238,36K;0,00%
18.03.2025;217,2;216,8;218,8;213,6;282,65K;0,56%
19.03.2025;218,2;217;219,6;213,4;207,03K;0,46%
20.03.2025;222,5;217,6;222,5;215,6;251,28K;1,97%
21.03.2025;222,7;222,5;226,1;219,9;654,79K;0,09%
24.03.2025;223,8;222,7;226,1;221,6;184,70K;0,49%
25.03.2025;229,7;224;229,7;222,4;305,37K;2,64%
26.03.2025;211,4;219,3;220;200;1,27M;-7,97%
27.03.2025;210,4;211;213,8;206,1;343,08K;-0,47%
28.03.2025;218,4;210;220,6;207,6;548,76K;3,80%
31.03.2025;211,8;216,8;219,1;210,2;349,95K;-3,02%
01.04.2025;210;212,9;214,9;209;235,19K;-0,85%
02.04.2025;216,5;209,4;219,3;204;518,31K;3,10%
03.04.2025;212,4;214;216,5;212;208,44K;-1,89%
04.04.2025;212,7;211;222,8;210,7;579,78K;0,14%
07.04.2025;205,4;205;210,5;195,3;651,36K;-3,43%
08.04.2025;214,2;205,8;216;205,3;390,65K;4,28%
09.04.2025;200,6;206,6;210,5;198,05;514,48K;-6,35%
10.04.2025;212,4;215;215,9;208;457,67K;5,88%
11.04.2025;210,4;211;214,1;207,3;218,76K;-0,94%
14.04.2025;218,8;214;218,8;210,1;276,25K;3,99%
15.04.2025;221,3;218,9;222,5;217,3;280,21K;1,14%
16.04.2025;220,5;219;222,8;216;254,77K;-0,36%
17.04.2025;221,6;220;222,8;217,2;153,82K;0,50%
22.04.2025;225,2;221,5;225,5;220,9;349,58K;1,62%
23.04.2025;226;226,5;229,5;225,3;302,36K;0,36%
24.04.2025;226;225;226,4;217,9;260,25K;0,00%
25.04.2025;224,7;225,9;227,5;223,5;83,19K;-0,58%
28.04.2025;228,1;224;228,5;224;213,88K;1,51%
29.04.2025;233,9;228;234,4;227,4;267,43K;2,54%
30.04.2025;232,9;233,9;235,4;230,7;235,41K;-0,43%
02.05.2025;257,6;233,4;257,8;232,6;716,89K;10,61%
05.05.2025;250,5;255;255,6;246,3;214,04K;-2,76%
06.05.2025;243,2;251;251,4;240,1;305,62K;-2,91%
07.05.2025;245;243,8;247,1;242,6;223,23K;0,74%
08.05.2025;245;245;247,3;241,2;170,64K;0,00%
09.05.2025;243,3;243,7;245,9;241,8;185,52K;-0,69%
12.05.2025;245;245,7;249;242;155,94K;0,70%
13.05.2025;240,8;245;246,7;236,8;223,15K;-1,71%
14.05.2025;234;240;240,5;231,7;274,92K;-2,82%
15.05.2025;231,2;232,3;234,2;229,6;159,36K;-1,20%
16.05.2025;231,6;234,5;236,3;230,1;135,50K;0,17%
19.05.2025;232,2;231,6;232,7;227,2;183,14K;0,26%
20.05.2025;229,9;232;233,8;228,9;174,80K;-0,99%
21.05.2025;225;229;229,8;224,6;179,00K;-2,13%
22.05.2025;220;224,1;224,1;217,6;279,23K;-2,22%
23.05.2025;218,2;221,5;221,6;213,1;262,75K;-0,82%
26.05.2025;220,1;220,5;221,5;218,6;137,94K;0,87%
27.05.2025;220,2;221,5;221,9;218,7;220,78K;0,05%
28.05.2025;219,1;221,5;221,6;218,6;338,35K;-0,50%
29.05.2025;220,5;225,6;230,2;218,8;527,76K;0,64%
30.05.2025;221,8;220,5;225,4;219,4;690,73K;0,59%
02.06.2025;221,5;219,6;228;218,4;321,32K;-0,14%
03.06.2025;236,5;223,6;236,8;219,2;777,76K;6,77%
04.06.2025;257,9;237,8;260,5;234,6;1,21M;9,05%
05.06.2025;259;255;263,6;250,1;931,89K;0,43%
06.06.2025;267,3;256,1;267,9;251,4;660,48K;3,20%
09.06.2025;268;267,3;271,5;263,3;437,64K;0,26%
10.06.2025;269,5;267,2;270,4;264,6;313,09K;0,56%
11.06.2025;268,3;266;268,3;261;287,92K;-0,45%
12.06.2025;268,7;268,1;274,8;264,2;371,60K;0,15%
13.06.2025;271;264;271;263,3;276,63K;0,86%
16.06.2025;264,9;271;273;263,2;197,28K;-2,25%
17.06.2025;266,4;264,6;267;257;192,25K;0,57%
18.06.2025;270,3;266;270,3;264,4;181,75K;1,46%
20.06.2025;270,5;270,2;272,7;268,2;568,63K;0,07%
23.06.2025;271,4;267,3;273,6;264,9;218,54K;0,33%
24.06.2025;276;275;279;274,3;329,35K;1,69%
25.06.2025;275,2;276,5;278;273,6;252,37K;-0,29%
26.06.2025;275,6;275,3;276,7;271,9;158,19K;0,15%
27.06.2025;275,3;278;278,6;271,1;168,78K;-0,11%
30.06.2025;280,8;276;286,6;276;301,07K;2,00%
01.07.2025;276;278;282,4;274,4;166,16K;-1,71%
02.07.2025;269,8;275,1;275,7;267,3;197,84K;-2,25%
03.07.2025;269,5;267,7;273,8;267,6;126,22K;-0,11%
04.07.2025;269,9;269,9;270,1;267,1;142,96K;0,15%
07.07.2025;274;272;278;269,2;150,79K;1,52%
08.07.2025;274;274,5;280;272,2;187,20K;0,00%
09.07.2025;269,4;274;275,7;267,4;137,67K;-1,68%
10.07.2025;267,9;272;272;266,6;155,59K;-0,56%
11.07.2025;269;267,9;269;263,8;130,25K;0,41%
14.07.2025;269;269,9;269,9;266,1;101,15K;0,00%
15.07.2025;266,8;269;271,1;265;128,83K;-0,82%
16.07.2025;265,4;265;266,8;262,1;83,57K;-0,52%
17.07.2025;267,1;266;267,1;260;225,11K;0,64%
18.07.2025;269,6;268,4;272,8;265,5;215,87K;0,94%
21.07.2025;265,2;270,1;270,9;262,2;214,38K;-1,63%
22.07.2025;255,9;265,2;265,2;253,6;395,35K;-3,51%
23.07.2025;257,1;256,2;259,6;252,4;228,21K;0,47%
24.07.2025;253,8;258,3;262,1;252,7;229,23K;-1,28%
25.07.2025;253,3;252,3;254,4;248,9;187,09K;-0,20%
28.07.2025;249,8;255,3;256,9;248,2;210,32K;-1,38%
29.07.2025;252,1;250,7;254,9;250,7;149,95K;0,92%
30.07.2025;254,3;252,1;254,8;249,7;103,31K;0,87%
31.07.2025;251,2;254,3;255,5;250,2;103,94K;-1,22%
01.08.2025;247,1;250,6;251;245,5;162,44K;-1,63%
04.08.2025;247,3;247,1;248,9;241,6;203,80K;0,08%
05.08.2025;246,3;250;252,4;243,7;181,63K;-0,40%
06.08.2025;248;246,3;248,9;244,8;145,88K;0,69%
07.08.2025;248,9;248;252,6;247,1;178,13K;0,36%
08.08.2025;256,4;250;257,5;247,4;197,31K;3,01%
11.08.2025;255,8;257,9;263;254;224,52K;-0,23%
12.08.2025;252,5;256,1;257,2;251,4;125,00K;-1,29%
13.08.2025;255;255;259;253,5;218,38K;0,99%
14.08.2025;246,6;255,1;255,1;245;156,00K;-3,29%
18.08.2025;255;247,8;256,7;245;220,99K;3,41%
19.08.2025;253,8;254,3;257,5;251;152,39K;-0,47%
20.08.2025;251,9;253,5;256;250,6;104,76K;-0,75%
21.08.2025;260,9;253;262,7;252,2;268,12K;3,57%
22.08.2025;257,9;259,9;265,6;254,9;276,12K;-1,15%
25.08.2025;259;255,6;260,3;255,6;81,87K;0,43%
26.08.2025;260,2;259;265,8;255,6;393,85K;0,46%
27.08.2025;257,6;260,4;264;255,8;137,20K;-1,00%
28.08.2025;254,8;257,9;259,4;250;150,22K;-1,09%
29.08.2025;252;257,7;258,2;246,2;325,70K;-1,10%
01.09.2025;245,7;253;257,6;242,6;272,35K;-2,50%
02.09.2025;248,9;248,8;250,6;243,9;118,87K;1,30%
03.09.2025;245,9;250,7;252,1;245,9;166,14K;-1,21%
04.09.2025;250;246;252;245,5;193,38K;1,67%
05.09.2025;250,2;250,4;253,5;249;191,40K;0,08%
08.09.2025;255;251;256;248,5;191,37K;1,92%
09.09.2025;252,5;256;256,1;251;168,55K;-0,98%
10.09.2025;255,3;252;259;252;283,02K;1,11%
11.09.2025;255;255,3;257,2;253;171,89K;-0,12%
12.09.2025;252,3;254,4;256,9;251,5;122,28K;-1,06%
15.09.2025;257;254;258,1;253,9;283,59K;1,86%
16.09.2025;257,1;257,6;258,4;255,1;133,81K;0,04%
17.09.2025;256,7;256,6;257,9;255;118,39K;-0,16%
18.09.2025;262,6;257;262,6;257;295,11K;2,30%
19.09.2025;255;263;263,1;252,1;661,26K;-2,89%
22.09.2025;259,5;255;260,8;254,8;200,69K;1,76%
23.09.2025;254,5;259;260,9;254,5;158,31K;-1,93%
24.09.2025;255;255;255,7;252,5;186,90K;0,20%
25.09.2025;253,7;253;255,3;251,9;123,51K;-0,51%
26.09.2025;256,3;253,7;257,7;250,8;173,60K;1,02%
29.09.2025;267,8;258;267,8;257,8;328,05K;4,49%
30.09.2025;270,5;267,8;270,9;262,3;327,13K;1,01%
01.10.2025;272,2;269,9;274,8;266,9;264,80K;0,63%
02.10.2025;270,4;272,5;272,8;269;276,03K;-0,66%
03.10.2025;273,5;270,4;273,8;270;307,22K;1,15%
06.10.2025;273,5;273;275,6;271,5;390,95K;0,00%
07.10.2025;274,5;272,8;274,5;269,9;283,63K;0,37%
08.10.2025;278,6;272,1;278,6;271,1;393,48K;1,49%
09.10.2025;275;278,7;285,4;273,2;378,92K;-1,29%
10.10.2025;259,9;275;275;259;472,33K;-5,49%
13.10.2025;255;258,6;259,2;252;341,46K;-1,89%
14.10.2025;248,8;253,6;254,7;245,7;345,26K;-2,43%
15.10.2025;251;248,3;252,3;248,3;392,60K;0,88%
16.10.2025;252,5;251,9;257,1;251;366,52K;0,60%
17.10.2025;256,9;251,7;261,6;243,4;397,02K;1,74%
20.10.2025;253,2;259;261;252,5;278,47K;-1,44%
21.10.2025;258,2;253,4;262;253,4;294,75K;1,97%
22.10.2025;260,9;260,4;263,5;258;199,97K;1,05%
23.10.2025;260,2;260,5;262,7;259,2;287,94K;-0,27%
24.10.2025;259,5;261,1;264;258,5;159,34K;-0,27%
27.10.2025;254,8;262;262,1;253,9;212,38K;-1,81%
28.10.2025;259,2;254,6;262,8;254;212,40K;1,73%
29.10.2025;256,8;260,4;261,9;256,2;156,46K;-0,93%
30.10.2025;257,3;256,9;259,1;254,4;135,74K;0,19%
31.10.2025;253,8;257,5;258,7;253,8;217,68K;-1,36%
03.11.2025;255,4;256,1;258,6;253,1;207,78K;0,63%
04.11.2025;252,5;254;254,8;250,8;152,69K;-1,14%
05.11.2025;250,2;252,4;253,6;249,5;139,88K;-0,91%
06.11.2025;250;251,5;253,3;248,7;226,69K;-0,08%
07.11.2025;242,9;251;252;240,9;283,37K;-2,84%
10.11.2025;245,6;243,2;247,2;243,2;150,33K;1,11%
12.11.2025;243,4;245,6;246,3;242,3;203,71K;-0,90%
13.11.2025;237,4;245,2;245,7;233,8;355,87K;-2,47%
14.11.2025;236,7;233,1;236,7;230,5;223,02K;-0,29%
17.11.2025;230,9;237;238,2;228,7;307,56K;-2,45%
18.11.2025;229,8;228,8;230,3;225,8;248,99K;-0,48%
19.11.2025;229,2;230,4;230,6;226,4;212,28K;-0,26%
20.11.2025;227,8;230,2;233,2;227,4;174,08K;-0,61%
21.11.2025;228,2;226,1;228,8;223,2;218,36K;0,18%
24.11.2025;230,9;235;235,3;225,6;382,24K;1,18%
25.11.2025;231,5;233,7;234,3;229,8;254,35K;0,26%
26.11.2025;243;234,9;243,5;233,2;358,31K;4,97%
27.11.2025;249,3;245,8;257,7;240;766,14K;2,59%
28.11.2025;256,4;249,4;256,8;247,8;305,77K;2,85%
01.12.2025;255,8;256,8;260,7;253,7;206,14K;-0,23%
02.12.2025;255,3;255,8;258,8;253,5;174,60K;-0,20%
03.12.2025;251,9;257;258,1;251,4;150,45K;-1,33%
04.12.2025;254,6;251,9;255,2;251,1;134,34K;1,07%
05.12.2025;238,8;255,5;255,6;238,8;360,98K;-6,21%
08.12.2025;243;241,1;243,9;234,1;315,34K;1,76%
09.12.2025;252,8;243;253,6;239,1;320,38K;4,03%
10.12.2025;245,4;253,9;254;245,1;184,81K;-2,93%
11.12.2025;253;245,4;255;242,7;248,27K;3,10%
12.12.2025;247,7;250,4;251,8;244,6;256,19K;-2,09%
15.12.2025;247,3;247,6;251,9;245,2;220,81K;-0,16%
16.12.2025;244,6;246,9;247,3;243,4;219,58K;-1,09%
17.12.2025;240,3;247;247,5;240;288,21K;-1,76%
18.12.2025;242,7;241,2;242,9;238,8;260,94K;1,00%
19.12.2025;242;243,4;247,7;242;584,91K;-0,29%
22.12.2025;245,8;242,6;248,2;242,6;205,81K;1,57%
23.12.2025;240,1;245,1;247,3;240,1;209,02K;-2,32%
29.12.2025;241,5;241,2;242,4;238,7;115,05K;0,58%
30.12.2025;241;241;244,5;240,5;205,60K;-0,21%
02.01.2026;241,7;246,9;247;240;224,70K;0,29%
05.01.2026;239,4;243;245,5;238,1;245,10K;-0,95%
07.01.2026;246,1;240,7;246,1;235,4;396,90K;2,80%
08.01.2026;235;246,1;246,8;233,8;361,73K;-4,51%
09.01.2026;240,6;238;240,8;235,7;310,96K;2,38%
