post_id,body,sentiment_label,confidence,p_positive,p_neutral,p_negative,sentiment_score,manual_label
16488,"Hahaha jest lepiej niż sądziłem dlatego sygnał za spółki, żona właściciela kupuje akcje za 1 350 000 zl to jest nic innego tylko sygnał dla rynku",negative,0.4439771771430969,0.1319119781255722,0.4241108298301697,0.4439771771430969,-0.3120651990175247,
19263,"Moje akcje zablokowane i czekają na wyższą cenę, kto chce niech sprzedaje",negative,0.49747633934020996,0.005067765712738037,0.4974559247493744,0.49747633934020996,-0.4924085736274719,
2879,Do tego dojdą jeszcze bardzo dobre wyniki w kolejnych kwartałach i perspektywa dobrej dywidendy w przyszłym roku. Ja wystawiłem na 84 złote do sprzedaży.,negative,0.4769686460494995,0.18623021245002747,0.33680105209350586,0.4769686460494995,-0.29073843359947205,
18621,A to znak że idzie wybicie na Redach i może nawet dzisiaj i ja spokojnie czekam i zbieram papier po taniości bo ja jestem longiem a nie szortem!!!!!!!,negative,0.9946162104606628,0.0008400889928452671,0.00454378966242075,0.9946162104606628,-0.9937761214678176,
17575,"Pod realizację zysków.Jak ktoś zauważył zadyszkę i sprzedał po 88, to dywidendę już sobie wypłacił, nie musi czekać kilka miesięcy i bez ryzyka.",negative,0.994669497013092,0.001970470417290926,0.0033600199967622757,0.994669497013092,-0.9926990265958011,
16057,"Widocznie są przesłanki ku temu, ale drobni jak my, dowiadują się na końcu. Tak czy inaczej będzie niżej to się dokupi.",negative,0.9948044419288635,0.00030061209690757096,0.00489489221945405,0.9948044419288635,-0.994503829831956,
15285,di coś tam chyba wiesz.... może uchwalą dywidendę? ja niżej 140 nie sprzedaję---choćby nie wiem co....,negative,0.996263325214386,0.001436326070688665,0.0023003341630101204,0.996263325214386,-0.9948269991436973,
14,Ja sprzedałem właśnie 7980szt po 87.33 zysk 42% czekam na lekko korektę i poniżej 85/4 zł kupuje pod korek,negative,0.452711284160614,0.4475579261779785,0.09973078966140747,0.452711284160614,-0.005153357982635498,
20892,"Bo zagrali szorta w lipcu, więc chłodzą nastroje by na nim zarobić.Szkoda, że nie zachowałeś innego fragmentu tego artykułu:"" Na rynku nie brakuje jednak przeciwnych ocen. Na początku sierpnia Maria Mickiewicz, analityczka Wood & Company podwyższyła rekomendację dla CD Projektu ze „sprzedaj” do „kupuj”, ustalając cenę docelową akcji na 289 zł. Bieżący kurs akcji to 246,50 zł.""",negative,0.9970464110374451,0.00041734243859536946,0.0025363422464579344,0.9970464110374451,-0.9966290685988497,
16647,Ona trwa na naszej giełdzie już kilka lat. Uważam że KNF powinien czasowo wprowdzić pewne ograniczenia dla krótkiej sprzedaży. Jeśli jednak epłynęło by to bardzo negatywnie na obroty i płynność oraz problemy z lokowaniem nowych emisji wówczas można znowu poluzować. Obecnie jednak pozwalamy na zbyt wiele co przekłada się na drenowanie czytaj wtopy drobnych polskich inwestorów i w efekcie nieufność Polaków do swojej giełdy. Czy tak powinno być?,negative,0.9979267120361328,0.0005990104400552809,0.0014742780476808548,0.9979267120361328,-0.9973277015960775,
17030,"niech sprzedają za pół darmo, za chwilę będą odkupywać na innym poziomie.Myślę że w tych wynikach 12.06 powinny być już widoczne sklepy otwarte w 4 kwartale 2024 + dalej kolejne sklepy.",negative,0.9964001178741455,0.0005401363596320152,0.003059739712625742,0.9964001178741455,-0.9958599815145135,
2898,"Dla Orlenu akurat średnia, trzeba sprawdzić wydobycie spółki i czy ewentualny kryzys paliwowy zwiększy czy zmniejszy zyski. Orlen głównie rafinuje ropę i sprzedaje, gdyby nie doszedł PGNiG to pewnie by tu było już z -10%",negative,0.9956150054931641,0.0009928608778864145,0.0033921741414815187,0.9956150054931641,-0.9946221446152776,
4445,"Najwidoczniej sprzedałeś i liczysz na kółko, niestety, większość longów trzyma papier bo nie ma pod co spadać a to żebyś chciał 200 to już inna sprawa.",negative,0.4716688096523285,0.28437936305999756,0.24395182728767395,0.4716688096523285,-0.18728944659233093,
4218,Wszyscy co w ciagu ostatniego roku się wystraszyli i sprzedali na spadku pluja sobie teraz w brodę.,negative,0.9952706694602966,0.0018115892307832837,0.0029177721589803696,0.9952706694602966,-0.9934590802295133,
16467,Spokojnie trzeba czekać i nie wychodzić ze stratą a raczej dokupować i uśredniać. Cierpliwi nie stracą i .,negative,0.4104860723018646,0.33936071395874023,0.25015318393707275,0.4104860723018646,-0.07112535834312439,
16107,"Tylko short to trzyma jeszcze w ryzach, tyle ze negatywnych sygnałów brak, najgorsze za nami teraz już czysta droga z dywidendą.Pożar zero wpływu, ugoda z KNF na duży plus bo to trochę wisiało.Dla mnie to mogą to ubić poniżej 14, nawet się ucieszę będzie opcja dokupić. Wrzesień - pażdzierniek przed dywidendą będzie minimum 17K",negative,0.9975228905677795,0.000467852660221979,0.0020092667546123266,0.9975228905677795,-0.9970550379075576,
3914,Właśnie przyszliśmy z kolegom do Makdonalda bo tu jest internet i kupiliśmy sobie frytki i jesteśmy bardzo zadowoleni bo było raczej tylko rzadkie i wybieraliśmy na takie małe kupki i zaraz wracamy i bendziemy myć z tego niebieskiego i bronzowego ale już teraz wiem że bendzie grubo i ja kocham Reduw!!!!!!,negative,0.46185383200645447,0.11134331673383713,0.4268028140068054,0.46185383200645447,-0.35051051527261734,
15209,Teraz bym dokupił ale chyba nie będzie możliwe w tej cenie,negative,0.4611530900001526,0.1558527946472168,0.38299405574798584,0.4611530900001526,-0.3053002953529358,
18368,"Niby jestem jeszcze na fajnym plusie,po fakcie jak każdy stwierdzam, że to było fajne miejsce na kółko.Ta korekta zmęczyła mnie strasznie,żle to znoszę,czy powrócimy do wzrostów tego nikt nie wie,było sprzedać i tyle",negative,0.9968095421791077,0.0010117024648934603,0.0021786889992654324,0.9968095421791077,-0.9957978397142142,
334,Tak jak sprzedali Lotos arabom?,negative,0.9954276084899902,0.0025467844679951668,0.0020255830604583025,0.9954276084899902,-0.9928808240219951,
16239,Przecież Piechocka kupiła akcje przed pożarem hali...,negative,0.49629056453704834,0.3186147212982178,0.1850946545600891,0.49629056453704834,-0.17767584323883057,
18506,"i dobrze, ja sprzedałem jakiś czas temu, jak spadnie poniżej 260 to znowu kupuje",negative,0.42656564712524414,0.1736035943031311,0.39983078837394714,0.42656564712524414,-0.25296205282211304,
2009,"bzdury i plotki, jak zawsze u Ciebienie lepiej zacząć inwestować niż trolffac za kilka groszy?Sprzedaż alko na stacji to tylko kilka % całego obrotu sklepowego,a sam sklep to nie główny zarobek...Przestań siać panikę osiołku",negative,0.9959357976913452,0.0014240817399695516,0.0026400606147944927,0.9959357976913452,-0.9945117159513757,
16586,Też tak kupiłem tylko trochę wyżej. Kapitał trzeba akumulować a nie na głupoty wydawać,negative,0.9947333335876465,0.00309498468413949,0.002171641681343317,0.9947333335876465,-0.991638348903507,
12347,"Hahahaha, dobre :)Switch to jest i zawsze będzie platforma którą ludzie kupują dla gier Nintendo a nie dla gier third party, zwłaszcza nie takich 5 letnich które już nie są pierwszej świerzości, ledwo działają w 30 klatkach i są zrobione na pełnowymiarowe konsole więc pewne rzeczy w UXie takiej portowanej gry nie są dopracowane (sterowanie, UI, rozmiary rzeczy na ekranie jak grasz w trybie hand held).Druga rzecz to kolejna oczywistość - CP2077 to tasiemiec w który gra się kilka godzin a to nie jest dobra rzecz dla handheldowego urządzenia na baterie :) A granie w docku? Po co jak dużo lepszą jakość ma się grając na PS5/Xbox.Dane spływające z rynków pokazują, ze CP to sentymentalny tytuł dla ludzi a nie coś po co kupowali Switcha 2 :) Dlatego te 5% to i tak dobry wynik.",negative,0.478613942861557,0.04457557201385498,0.4768105745315552,0.478613942861557,-0.434038370847702,
5030,Mogłem sprzedać po 286 ale 282 też jest ok.Dawać teraz szybką porządną korektę -20% i lecimy ze wzrostami pod Gamescom w sierpniu.Bo przyszłość CDPR jest bardzo obiecująca.,negative,0.9965502023696899,0.0014582137810066342,0.0019915441516786814,0.9965502023696899,-0.9950919885886833,
12954,"polecam wejsc na best buya i zobaczyc samemu, w wiekszosci sklepow po 1 3 sztuki w niektorych brak",negative,0.9948025941848755,0.0016336129046976566,0.00356381107121706,0.9948025941848755,-0.9931689812801778,
13372,Ja chciałem i kupiłem. Ale za 250 im nie oddam XD,negative,0.3787517845630646,0.35119426250457764,0.27005401253700256,0.3787517845630646,-0.02755752205848694,
1316,"Dolarku....przyjmij wreszcie do głowy, że jak ropa spada to Orlen zarabia więcej...Orlen KUPUJE ropę a nie sprzedaje...rozumiesz?",negative,0.9971508383750916,0.001127322087995708,0.0017217976273968816,0.9971508383750916,-0.9960235162870958,
21039,"400 powiadasz???hmm byłbym wniebowzięty sprzedając za taką cenę przed W4,czy będzie nie wiem bo ucichło na maxa,kwiatka jak nie podlewasz to też nie rośnie",negative,0.47305187582969666,0.2905814051628113,0.23636668920516968,0.47305187582969666,-0.18247047066688538,
12716,No i krach!!!!! Po trailerze pękły wszystkie nadzieje shortów.,negative,0.9968606233596802,0.0009245254914276302,0.0022148750722408295,0.9968606233596802,-0.9959360978682525,
20559,"Będziemy szukać inwestora, który będzie w stanie kupić ją od nas po uczciwej cenie - powiedział Fąfara. Prezes Orlenu o politycznych wpływach",negative,0.99455726146698,0.0016132891178131104,0.003829543013125658,0.99455726146698,-0.9929439723491669,
26548,"Kto kupuje akcje na szczytach, tylko ulica zwiedziona wcześniejszymi wzrostami, to niech płaczą.",negative,0.4411338269710541,0.15965914726257324,0.3992070257663727,0.4411338269710541,-0.28147467970848083,
13441,"Jutro Premiera Cyberpunk 2077 na Nitendo, Wkrótce Dywidenda, Perspektywa nowych gier w oparciu o wczorajszą prezentację, Wycofanie się shortów-to będzie dynamiczny ruch, Itd. itp",negative,0.9958325028419495,0.0009289302979595959,0.003238607896491885,0.9958325028419495,-0.9949035725439899,
21984,Shorty haha wyjcie dalej,negative,0.40142497420310974,0.32844340801239014,0.2701316773891449,0.40142497420310974,-0.0729815661907196,
16908,BOS podaje podobny konsensus jak bloomberg - czyli ten wyzszy.Zobaczymy jak aktualna sprzedaz w q2 ktory jest duzo wazniejszy niz q1 - mozemy miec sytuacje ze pokaza ponad 300mln zysku netto ale slaba sprzedaz na poczatku q2 i wtedy mozemy sie jeszcze pokisic na tych bardzo niskich poziomach jakis czas.,negative,0.9973753690719604,0.0005203416803851724,0.002104292158037424,0.9973753690719604,-0.9968550273915753,
24615,"Kolejka do stoiska z merczem wiedźmińskim przed wczorajszym koncertem była tak długa, że wielu nie udało się nic kupić - ja na szczęście dorwałem koszulkę. Inni musieli obejść się smakiem i pozostało im kupienie akcji CDR dzisiaj. Zdjęcie z 5 rzędu zrobione przez moją rodzinkę.",negative,0.48508983850479126,0.2656227648258209,0.24928748607635498,0.48508983850479126,-0.21946707367897034,
12634,"W 24godziny sprzedano 3mln konsol,cyberpunk na 2-im miejscu w sprzedaży,jak myślicie ile go sprzedali???",negative,0.48527392745018005,0.0781044065952301,0.4366217851638794,0.48527392745018005,-0.40716952085494995,
22860,Z miesiąca wartość rośnie a shorty gnębią spółkę aby tanio kupić,negative,0.9951070547103882,0.0005784762324765325,0.004314522724598646,0.9951070547103882,-0.9945285784779117,
15049,Shorty nie sprzedamy wam akcji,negative,0.9965214729309082,0.0007081266376189888,0.0027704432141035795,0.9965214729309082,-0.9958133462932892,
4763,Jaki Ty tam Boss jesteś? Dla mnie tylko dawca kapitału.... Kupuj drogo i sprzedawaj tanio.... O to Nam właśnie Pantofelku chodzi.... Pozdrawiam serdecznie.,negative,0.9943981766700745,0.0017869480652734637,0.0038148576859384775,0.9943981766700745,-0.992611228604801,
15544,Kto sprzedał po 130zł ten zarobił,negative,0.9951773881912231,0.0022919035982340574,0.002530721016228199,0.9951773881912231,-0.9928854845929891,
17076,Ciężko obstawić. Ja sprzedałem przy 87.35 i nie kupuję póki co.,negative,0.9972655773162842,0.0004322782624512911,0.0023021893575787544,0.9972655773162842,-0.9968332990538329,
20822,"Wprawdzie obecnie shortuję - ale proszę o trochę obiektywizmu:1D -1.45%1T -0.91%1M +20,84%6M +53%Jeśli dla kogoś krótka korekta na trendzie, oznacza że leci na łeb na szyję, to chyba giełda nie jest dla niego. Jak spadnie do 70 zł, czego sobie życzę, to wtedy będziemy mówili o odwróceniu trendu.",negative,0.3938167095184326,0.306768000125885,0.2994152307510376,0.3938167095184326,-0.08704870939254761,
23384,"ja już 5 rok na giełdzie i powiem tylko tyle - mamy trend spadkowy, zobaczymy jak go rozegrają, ale przypuszczam, że lepiej poczekać.ja sam kupowałem 50 zł, sprzedaż 84 zł. Coś zarobiłem, nie mówię, nie żałuję.ale najtrudniej gra się na spadkach i na odbitkach.Lepiej poczekać.Dziękuję, życzę wszystkim dużo sukcesów, dawny gracz, pozdrawiam starą ekipę - 2pac, krosno i innych. Były to piękne czasy. Dzisiaj bankier.",negative,0.9958373308181763,0.0007124795229174197,0.003450144547969103,0.9958373308181763,-0.9951248512952588,
24199,"No i git, dokupi sie więcej akcji pod W4",negative,0.9963952898979187,0.001111203571781516,0.002493486041203141,0.9963952898979187,-0.9952840863261372,
14713,"dla shortujących KGHMa, pięknie wyrysowana spadająca gwiazda, shorty trzymamy pozycje bo dadzą sowicie zarobić!",negative,0.4465855658054352,0.17515644431114197,0.37825796008110046,0.4465855658054352,-0.2714291214942932,
12331,"Oho nowe spadzie , heh tylko co 20 30zl Nicki zmieniacie i szczekacie a karawana jedzie dalej, tak będą korekty to pewne ale kierunek thebile jest jeden, mocna północ, pozdro Longi.",negative,0.9960185885429382,0.0007403048221021891,0.0032410670537501574,0.9960185885429382,-0.995278283720836,
24213,"Jak jutro urośnie 7 % to sprzedaje wszystkie akcje, bo jeszcze uda się je odkupić taniej.",negative,0.4904274642467499,0.3225845396518707,0.18698793649673462,0.4904274642467499,-0.16784292459487915,
12976,Nie rozumiecie jednej rzeczy al czego fundusze przy tej cenie nie wychodząJak będzie kurs 300 zł tyle samo ich będziePrzyjrzyjcie się całej krótkiej sprzedaży a tam spółki z WIG20 dlaczego ponieważ sterują kursem WIG 20 i tym samym kontraktami terminowymi na WIG20 oraz kontraktami terminowymi na szorowanych spółkach policzcie ile zarobili grając na spadek CD-R przez 4 lataWy tylko liczycie ile stracili jeśli tak sądzicie to nie rozumiecie giełdy,negative,0.9967759251594543,0.0010938220657408237,0.0021303349640220404,0.9967759251594543,-0.9956821030937135,
16598,ja dokupuje,negative,0.9962395429611206,0.0015007080510258675,0.0022597541101276875,0.9962395429611206,-0.9947388349100947,
26685,"Kupiłem wczoraj po 83,50zł. Co tera robić. Oszukali mnie.",negative,0.9976957440376282,0.0003900523006450385,0.0019141484517604113,0.9976957440376282,-0.9973056917369831,
24116,Dobry był moment na dokup,negative,0.9964935183525085,0.0011838307837024331,0.0023226055782288313,0.9964935183525085,-0.9953096875688061,
2353,Jutro będzie okazja kupić troszkę od panikarzy,negative,0.9948588609695435,0.0009923480683937669,0.00414885813370347,0.9948588609695435,-0.9938665129011497,
15999,Ja ostatnio dużo dokupiłem,negative,0.9971639513969421,0.0009922031313180923,0.0018438396509736776,0.9971639513969421,-0.996171748265624,
4449,"obecna wycena jest dla mnie nieatrakcyjna, jest tu kilka shortów, a pozytywne info o wieśku się skończyło. Także czekam na promki. Nie ukrywam, że chcę wsiąść do tego pociągu i odjechać na premięrę wieśka i cyberpunka 2, bo tu możliwości będą duże.są jeszcze tu tacy co planują tak jak ja?",negative,0.46054065227508545,0.32833510637283325,0.21112430095672607,0.46054065227508545,-0.1322055459022522,
3010,"krótkoterminowo pkn może zyskać (spółka) na tanio kupionych zapasach ropy, w późniejszym terminie przy drogiej ropie spadnie im marża i zyski. Ogólnie paniki nie ma...",negative,0.9973213076591492,0.001282639685086906,0.0013961308868601918,0.9973213076591492,-0.9960386679740623,
22476,Shorty odkupicie po 235 zł,negative,0.4860900640487671,0.423761248588562,0.09014865756034851,0.4860900640487671,-0.06232881546020508,
18912,"Ja na wzrosty nie naganiam. Ale na spadkach jak mam za co dokupuję.Tylko tak strategia w dłuższym terminie się sprawdzi.A teksty, że spadnie na 200, czy niżej... tak samo się sprawdzą jak przy 150 krzyczeli, że spadnie na 100 czy 80",negative,0.9950578212738037,0.0018400856060907245,0.003102106275036931,0.9950578212738037,-0.993217735667713,
18559,"Bardzo dużo gier na początku ma problemy ,które są stopniowo eliminowane .CD Projekt to jest taka marka ,że wiadomo że gra się sprzeda dobrze lub bardzo dobrze.",negative,0.4213583767414093,0.34923502802848816,0.22940661013126373,0.4213583767414093,-0.07212334871292114,
22677,Short te akcje wrzucił w rynek I teraz chce odkupić,negative,0.49608951807022095,0.04678807407617569,0.4571223855018616,0.49608951807022095,-0.44930144399404526,
20425,Jakbyście kupowali poniżej 50zł to by was wyniki zbytnio nie stresowały,negative,0.36421939730644226,0.3219621479511261,0.31381839513778687,0.36421939730644226,-0.04225724935531616,
20983,"Spokojnie tu śpi każdy long, reszta niech się martwi i panikuje, pozdro Longi , ok 2 lata do premiery czas niedługo na nowe ath",negative,0.4963751435279846,0.015399700962007046,0.48822519183158875,0.4963751435279846,-0.4809754425659776,
5110,"Shorty mają jeszcze co odkupować,więc robią co mogą, żeby odkupić przed ucieczką kursu powyżej 300",negative,0.9947239756584167,0.0012315181083977222,0.004044413100928068,0.9947239756584167,-0.993492457550019,
24414,"Gdybym był na miejscu akcjonariuszy TTWO, przerażałyby mnie plotki o 2 mld USD budżetu gry. Bałbym się też kanibalizacji zysków z GTA V online przez GTA VI Online. No i wydanie GTA 6 tylko na konsole sprawi, że sprzedaż z roku premiery (30-40 mln) nie pokryje jeszcze kosztu produkcji.",negative,0.4998033344745636,0.03748837485909462,0.4627082645893097,0.4998033344745636,-0.462314959615469,
20738,Od pogromcy shorta na JSW,negative,0.48300567269325256,0.44479379057884216,0.07220057398080826,0.48300567269325256,-0.0382118821144104,
13191,"haha, tak, oczywiście. Ja swój pakiet sprzedałem dziś po 260. Ładnie! Dziękuję do do ponownego zobaczenia",negative,0.9946125745773315,0.00215161987580359,0.0032358344178646803,0.9946125745773315,-0.992460954701528,
24578,"Prawda, spokojny i zarobiony bez stresu będzie tu tylko Long",negative,0.48192691802978516,0.08690643310546875,0.4311666488647461,0.48192691802978516,-0.3950204849243164,
22055,Koszyki z lewej Podstawiały szorty ale nie kupili,negative,0.49069392681121826,0.03660251572728157,0.47270360589027405,0.49069392681121826,-0.4540914110839367,
23075,"Tak Orlen za 50 lub poniżej to bardzo dobra cena do zakupu. Powyżej 80 się sprzedaje , jak ktoś trafi to nawet za 88 sprzeda.",negative,0.3784720003604889,0.2831800878047943,0.3383479118347168,0.3784720003604889,-0.09529191255569458,
24383,"A podaj powód, że wyniki będą źle? Pytam się człowieku. Tutaj grają pod premierę. Każdy mądry inwestor kupujący akcje spółki produkującej gry sprzedaje przed premierą a kupuje dużo szybciej czyli 2-3 lata przed premierą. Idź do budy",negative,0.45892587304115295,0.4028977155685425,0.1381763517856598,0.45892587304115295,-0.056028157472610474,
16470,Short slamle. Trolle mają sraczkę,negative,0.9947699904441833,0.0010449724504724145,0.004185065161436796,0.9947699904441833,-0.9937250179937109,
12235,Nikt inteligentny nie dzieli się wiedzą którą daje zarobić krocie. Sprzedaj shorta i zachowaj dla siebie . W tajemnicy powiedz jeszcze żonie i teściowej .,negative,0.49529802799224854,0.04345237836241722,0.46124958992004395,0.49529802799224854,-0.4518456496298313,
910,"Nie potrzebuje żadnego short sq, wystarczy, że pójdę do sklepu. 1.5l coca-coli przed covid było po 3 -3.5pln a dziś zwyczajna cena to 9.45 sztuka pod warunkiem, że kupisz 2 szt w promoce 18.9 za 2szt w carfurku i ten świat już się nie zmieni. Kasa fiducjarna, czyli spalarnia pieniędzy i koniec dymmania ulicy.",negative,0.9944716691970825,0.0010420088656246662,0.004486356396228075,0.9944716691970825,-0.9934296603314579,
19677,"Trzymać akcje l nie sprzedawać po tak wysokiej cenie, niedługo będą znacząco tańsze!",negative,0.3774050772190094,0.31113559007644653,0.31145933270454407,0.3774050772190094,-0.06626948714256287,
16345,"tak jak piszę od początku spadków - brak podstaw.fundamenty firmy bardzo mocne, jak zawsze plany inwestycyjne zrewidowane z HURA! na będzie dobrze. ale to nie znaczy że firma się nie rozwija - widać po ostatnich wynikach.otwiera duzo nowych sklepów które będą widoczne w następnych wynikach.TUTAJ POZA SHORTEM NIE MA MOŻLIWOŚCI SPADKU.jesteśmy bardzo nisko, spółka ma ok 50% dyskondo względem wycen analityków oraz podobnych spółek.CIERPLIWIE CZEKAĆ A BĘDZIE WYNAGRODZONE!",negative,0.4957079589366913,0.051184412091970444,0.4531075954437256,0.4957079589366913,-0.44452354684472084,
3134,Jak obroty są powyżej 200 mln zł to na bank kupuję zagranica a jak kupują po 77 zł to nie po to żeby sprzedać za 80 zł.,negative,0.46432623267173767,0.3735739588737488,0.16209974884986877,0.46432623267173767,-0.09075227379798889,
11965,"A jednak nieW tym raporcie dokonaliśmy pewnych zmian prognozfinansowych biorąc pod uwagę: (i) uwzględnienie przychodówze sprzedaży Cyberpunka 2077 (wersja NS2), (ii) wyższe bieżącewyniki Grupy wynikające z lepszej sprzedaży katalogu dawnychgier, (iii) wzrost cen premierowych głównych tytułów do 79,99USD (w Stanach), (iv) zmianę modelu amortyzacji dla Cyberpunka2077 i Wiedźmina 3 oraz (iv) osłabienie USD. W efekcie naszaprognoza zysku netto CD Projektu na 2025 i 2026 rok wzrosłaodpowiednio o 66% i 72%.Sądzimy, że w 2025 roku liczba sprzedanych sztuk Cyberpunka2077 (wersja NS2) może sięgnąć 1,1 mln, co wygeneruje146,8 mln zł przychodów (w porównaniu do 100 mln złwygenerowanych przez 1,1 mln sztuk Wiedźmina 3 w wersjiNintendo Switch sprzedanych w ciągu 3 kwartałów) i możezwiększyć tegoroczny zysk netto o ok. 123 mln zł.",negative,0.9953961968421936,0.0016860415926203132,0.002917742356657982,0.9953961968421936,-0.9937101552495733,
13349,Jakieś typy? Zakładam że po wiadomości o sprzedaży cp2077 na Nintendo Switch 2 mając dane banki zaczną sypać reko,negative,0.4008239209651947,0.20407229661941528,0.3951038122177124,0.4008239209651947,-0.19675162434577942,
24291,Ortex stoi w miejscu. Można się spodziewać że jeśli będą spadki po wynikach to raczej realizacja zysków longow niż sypanie szortów które jak widać nie zbierają amunicji przed wynikami.,negative,0.4908197820186615,0.019542787224054337,0.48963743448257446,0.4908197820186615,-0.47127699479460716,
4176,Tu jest LPP ... LongPlayPermament :),negative,0.4871475100517273,0.07449135184288025,0.43836110830307007,0.4871475100517273,-0.41265615820884705,
20674,Jeżeli zysk jest większy niż 6 na akcji to opłaca się sprzedać przed dniem dywidendy bo podatek dopiero na koniec kwietnia 2026 a nie w momencie wypłaty dywidendy. Jak to mówią lepszy wróbel w garści niż...,negative,0.44267934560775757,0.4054986536502838,0.1518220156431198,0.44267934560775757,-0.037180691957473755,
12300,"4 tysiące to jakieś 450 tysięcy zysku netto czyli prawie nic ,pytanie ile na reszcie się sprzedało",negative,0.9950411915779114,0.0008117792895063758,0.004147005267441273,0.9950411915779114,-0.994229412288405,
2987,Co teraz lepiej trzymać akcje czy kupić EU .4.30 Hyży to zrobi zależy jak policzą po swojemu,negative,0.9957535266876221,0.001260995282791555,0.0029854988679289818,0.9957535266876221,-0.9944925314048305,
27524,"HALO??? KA-EN-EF???BO JA KUPIŁEM AKCJE BO MIAŁO BYĆ JADIM 200 JADIM 300A TU JEDNAK NIE JADIM I MAM STRATĘOTO MÓJ NUMER KONTA, PROSZĘ MI ODDAĆ PINIONDZE",negative,0.9978092312812805,0.000688504078425467,0.0015023394953459501,0.9978092312812805,-0.997120727202855,
16929,"A potem będą kupować dfożej, cóż zawsze ten sam schemat",negative,0.4984663128852844,0.037173863500356674,0.464359849691391,0.4984663128852844,-0.46129244938492775,
16370,"dziękuję za zaangażowanie w dołowanie waloru, zrobiłeś co mogłeś, niewiele, ale udało się trochę dokupić poniżej 14k. Teraz jedziemy na północ. Paka",negative,0.9963304400444031,0.001060368143953383,0.00260915863327682,0.9963304400444031,-0.9952700719004497,
16610,"po co się spieszyć z kupnem jak będzie taniej, uważajcie żeby was nie powiesili na haju jak Quby",negative,0.9977636337280273,0.0007525156834162772,0.001483791507780552,0.9977636337280273,-0.9970111180446111,
18670,"Haha haaha pejsaci rzucają czymś czego nie mają to spada haha haha i tak będą musieli to odkupić haha haha, long ma na to wyj..bane haha haha.. Bosh co za thebyl",negative,0.9962526559829712,0.002163298660889268,0.0015840311534702778,0.9962526559829712,-0.9940893573220819,
14800,Motłoch sprzedał i teraz kwiczy,negative,0.4378103017807007,0.15090204775333405,0.41128766536712646,0.4378103017807007,-0.28690825402736664,
22752,Ostatnie litery pokazują jego mentalność finduszy shortujących -obornik,negative,0.40205734968185425,0.2273687869310379,0.37057384848594666,0.40205734968185425,-0.17468856275081635,
2771,"Ja stopniowo sprzedaję, ale nie z powodu kondycji orlenu - a raczej obaw o globalny rynek.",negative,0.46764183044433594,0.08168088644742966,0.4506772458553314,0.46764183044433594,-0.3859609439969063,
22877,"Niech bicze ognia, pulsa de-nura osądzą was shorty",negative,0.4397194981575012,0.13959693908691406,0.42068350315093994,0.4397194981575012,-0.30012255907058716,
20756,"A jak podjedziemy na 126a po odcięciu zostanie 120 wciąż atrakcyjne dla min 5%kolejnego dywi, to co wtedy? Na gpw nic nie trzyma się kupy, różnie bywa.",negative,0.44460317492485046,0.22996415197849274,0.3254327178001404,0.44460317492485046,-0.21463902294635773,
15855,"może i wolna, ale zagranica tego nie kupuje ... dlatego z waszego 140 zł można się tylko pośmiać",negative,0.9963860511779785,0.0007117064669728279,0.002902214415371418,0.9963860511779785,-0.9956743447110057,
11868,"""Tylko long ma sens""Po 380 w okolicach premiery też tylko Long miał sens, prawda ? :)",negative,0.4908185303211212,0.09314139187335968,0.4160401523113251,0.4908185303211212,-0.39767713844776154,
21663,"Kurs CD Projekt spadł już o blisko 15% od czerwcowego szczytu i naruszył długoterminową linię trendu wzrostowego prowadzoną od listopada 2024 roku. To sygnał ostrzegawczy – zwłaszcza, że wcześniej poziom ten wielokrotnie stanowił punkt zwrotny dla notowań. Obecnie jednak brakuje zdecydowanej reakcji kupujących.. sektor technologiczny cierpi z powodu odpływu kapitału, co potęguje presję. Jeśli wsparcie nie wytrzyma, a spadek zostanie potwierdzony rosnącym wolumenem, możliwy jest zjazd nawet do 220 zł. Kluczowe będzie teraz, czy spółka zaskoczy rynek jakimkolwiek impulsem – choćby aktualizacją strategii lub informacjami o planowanych dodatkach do gier.,",negative,0.4767169654369354,0.05427497997879982,0.46900811791419983,0.4767169654369354,-0.4224419854581356,
23804,"Ja już doliczam 10 zł, bo tyle netto wziąłem na akcję (trzy dywidendy, zawsze dokupowane za dywidendy). Brane średnio po 64 zł. Jest OK.",negative,0.9966666102409363,0.0008455045754089952,0.0024879465345293283,0.9966666102409363,-0.9958211056655273,
5266,"Wszystkie te pierdoły wraz z Anime i Patchem do CyberPunka Punka wnoszącym wizualne pierdoły nie ma żadnego znaczenia dla kursu im szybciej się pokażą tym szybciej dojdzie do sprzedaży faktów, tak samo z sprzedażą na Nintnedo 2 kogo obchodzi na spolce o kapitalizacji 30mld czy zarobiła 70 mln z konsoli haha. Gdyby te informacji wyszły tydzień temu dzisiaj byśmy byli w okolicach 250 a tak jest jeszcze chwilowo pod co grać.",negative,0.4015275239944458,0.3458026349544525,0.2526698410511017,0.4015275239944458,-0.055724889039993286,
18476,Nawdychales sie z tych toi toi i masz problem z mysleniem. Jak kupisz po 230 to cos odlozysz na maseczki .,negative,0.49927666783332825,0.010476486757397652,0.49024686217308044,0.49927666783332825,-0.4888001810759306,
18666,"Hahahaha śmieszni jak zawsze zaraz wzorsty i się wam morda zamknie na kolejne tygodnie, i tak od 130zl , tylko zmiana nicków i IP a wpisy te same, smutni ludzie bez grosza jesteście. Pozdro Longi.",neutral,0.4413802921772003,0.2139502912759781,0.4413802921772003,0.34466949105262756,-0.13071919977664948,
24245,"Inny podał link do tabelki gdzie jest zaznaczone Mario Kard World 1,36 co jest opisane powyżej że sprzedał się do 7 czerwca w takiej ilości czyli 1milion 360 tysięcy sztuk ,w tej tabelce na drugim miejscu jest Cyberpunk i napisane jest bez przecinka 30 ,czyli biorąc pod uwagę taką formę idei zapisu ,oznacza to że Cyberpunk sprzedał się w liczbie 300 000 sztuk w ciągu 2 dni sprzedaży.No proszę obejrzeć to tabelkę dokładnie i dopiero potem skomentować.Być może ja mam zaćmienie mózgu i czegoś nie rozumiem.Jednak patrzyłem się na to dokładnie i w mojej opinii jest tam podane trochę dziwacznie choć zrozumiałe że to jest 300000 stuk Cyberpunka w tak krótkim okresie.",neutral,0.47277235984802246,0.42862099409103394,0.47277235984802246,0.09860657155513763,0.3300144225358963,
23796,"Bo to codzieje dzieje się tutaj nie napawa optymizmem !!!! … sztucznie zawyżony kurs .. Tacy zarządzający szkodzą spółce !!! Jakieś Norweskie fundusze kupują naszego Orła !!!! Po co nam to ?! Potrzebny jest tu ktoś taki jak Pan , WIZJONER.. Aby pokazać wszystkim nasz dumny kraj i zaśpiewać wspólnie trzymając się za ręce 6 zwrotek hymnu i Bogurodzicę …",neutral,0.45481076836586,0.14867570996284485,0.45481076836586,0.39651352167129517,-0.24783781170845032,
21734,"Każdy tak zawsze pisze, a jak zleci do 200 to napiszesz, ze kupisz za wszystko za 180 i tak ciagle bys zmienial zdanie bo gacie pelne, az w koncu korekta sie skonczy i poleci do gory i znowu bedziesz naganiac na spadki. I tak cale zycie bez pozycji xd",neutral,0.9666661620140076,0.015062069520354271,0.9666661620140076,0.018271705135703087,-0.003209635615348816,
14523,Na razie jest tak ze miedz w usa na comex bije rekordy bo firmy robia zakupy na maksa bojąc sie cel. Zarobi na tym kghm owszem bo ma kopalnie w usa - robinson oraz w chile sierra gorda. One sprzedaja do usa zwłaszcza robinson zyska. Natomiast miedz w Londynie trzyma sie swojej ceny żeby nie powiedzieć lekko spada. To jest spowodowane tym ze rynek boi sie ze jak w usa wejdą cła to będzie nadwyżka miedzi która będzie musiała zostać ulokowana gdzieś indziej niż usa. Generalnie żadnych cel nie będzie to tylko taka gra trumpa ale jako ze on jest szaleńcem rynki reagują. Jakby wprowadzili 50% cła na miedz 5o by byl gwozdz do trumny ich gospodarki. Kopalni nikt nie przeniesie do USA. Co najwyżej jak ceny u nich urosną to mogą stać sie rentowne pewne projekty które wcześniej były nie opłacalne.z tego co pamiętam kghm International ma też jedno złoze u usa które do tej pory nie było ruszone z uwagi na koszty. To saktywa przejęte w 2012 czy 15 od Quadry,neutral,0.9672319293022156,0.026045655831694603,0.9672319293022156,0.006722424644976854,0.01932323118671775,
24337,"Co nas interesuje że sprzedałeś,bierz kasę i pa.",neutral,0.9698521494865417,0.013007166795432568,0.9698521494865417,0.017140699550509453,-0.004133532755076885,
26799,Ciekawe czy już pękli mu te shorty...,neutral,0.9790126085281372,0.005246154498308897,0.9790126085281372,0.0157412551343441,-0.010495100636035204,
16150,Poniżej 14 to kupię za wszystko co mam :),neutral,0.44621360301971436,0.4368410110473633,0.44621360301971436,0.11694534122943878,0.3198956698179245,
18395,Już niedługo będziemy kupować w promocji!,neutral,0.9829482436180115,0.00438710767775774,0.9829482436180115,0.01266462542116642,-0.00827751774340868,
14367,Ja to jestem zapakowany od 103.Sprzedam za 200zl,neutral,0.9936816692352295,0.003042532131075859,0.9936816692352295,0.0032757578883320093,-0.00023322575725615025,
5206,Bo dobra sprzedaż C2077 na NS2 i steemie.,neutral,0.9796130657196045,0.01181834377348423,0.9796130657196045,0.00856858491897583,0.0032497588545084,
22595,Też kupiłem po 127 i się cieszę,neutral,0.9748013019561768,0.017723513767123222,0.9748013019561768,0.0074750869534909725,0.01024842681363225,
16855,Myślę że jak zawsze po wynikach będzie zrzutka :)Ale wyniki b dobre. Widać już efekt sklepów otwieranych w ubiegłym roku - a przecież ciągle są dodawane nowe!!!Aktualizacja przychodów rocznych - moim zdaniem na plus - spółka komunikuje że że względu na pogodę będzie w obecnym kwartale niższa sprzedaż co obniży wynik. Mimo to dalej roczny przychod jest ok,neutral,0.44936618208885193,0.28764304518699646,0.44936618208885193,0.2629907727241516,0.02465227246284485,
20717,"egzaktemą.....bambiki odpadły hehehe,ta dzisiejsza cena za chwilę się okaże ceną do kupna na mini longa takiego na 3 years, dziękuję za uwagę",neutral,0.9738562703132629,0.009975502267479897,0.9738562703132629,0.01616821438074112,-0.006192712113261223,
21046,"Jak ja kupuję, to następnego dnia spada, hehehe",neutral,0.42024895548820496,0.2748672664165497,0.42024895548820496,0.304883748292923,-0.03001648187637329,
12184,"Nie wiem czy zobaczymy short squeeze. Obecnie wg Ortex (czyli szorty nad i pod progiem) jest już ""tylko"" lekko ponad 2m akcji. Gdzie w listopadzie było prawie 7m. Mieliśmy szort squeeze ale rozłożony w czasie.Z tych 2m, 1m to sama Sylebra która nie wiem ale z jakiegoś powodu za cel obrała sobie powiększane straty i szczerze wątpię w jej wyjście.",neutral,0.9882382750511169,0.006090597715228796,0.9882382750511169,0.00567111698910594,0.00041948072612285614,
22365,"no to jabłko zostalo zmuszone do przeniesienia produkcji do domuw takim przypadku marza zysku w dółzresztą spada im sprzedaz w chinach bo tam kupuja tez swoje telefonypoza tym co tam mozna wymyslic wiecej w tych telefonach , to koniec ich mozliwosciale troche miejsc pracy w domu przybedzie bo to juz wiecej firm inwestuje i ma inwestowac w domutrzeba powiedziec że za bidena nic takiego by sie nie stalo , oni sie tym w ogóle nie zajmowali",neutral,0.44816815853118896,0.4405522346496582,0.44816815853118896,0.11127962917089462,0.3292726054787636,
11985,Cienki Bolek jest ten co trzyma akcje od 5.5 i nie sprzedał przy cyberku,neutral,0.4479603171348572,0.2914174497127533,0.4479603171348572,0.2606222331523895,0.03079521656036377,
16738,"Ja myślę że short już je odkupił, ale wstrzymuje się z oddaniem (nie musi raportować zamknięcia pozycji). Trzyma wszystkich w szachu i pozwala dobierać sobie i innym żeby kupić w dobrej cenie. Liczy się interes kilku funduszy",neutral,0.9817373752593994,0.008851918391883373,0.9817373752593994,0.009410684928297997,-0.0005587665364146233,
21063,Po co sprzedałeś a teraz ujadasz zle zrobiłeś kurs bedzie sie pchał do gory do 330,neutral,0.9745941758155823,0.01957116276025772,0.9745941758155823,0.005834551993757486,0.013736610766500235,
19716,"Peroniarz liczy na tańszy walor żeby kupić. Trochę poczeka. Teraz idziemy spokojnie, konsekwentnie na północ. Mogą być jakieś obsuwy, ale docelowo tu będzie 20 k.",neutral,0.4717537462711334,0.2654048502445221,0.4717537462711334,0.2628414034843445,0.0025634467601776123,
18642,Jak dojdzie do 230 to wtedy sprzedam,neutral,0.43375256657600403,0.2768465578556061,0.43375256657600403,0.2894008755683899,-0.012554317712783813,
12227,"Shorty od listopada wykreowały popyt za blisko miliard złotych co przyczyniło się do wzrostu kursu o kilkadziesiąt %. Fundusze akumulowały do 200 zł. Sylebra sobie hedguje pozostałe pozycje z GPW i ich nie rusza wzrost a oni to połowa pozostałego shorta , AQR podobnie. Został Qube pod progiem i tak mamy 2.2mln shorta który został czyli popytu na 100/150 mln zł. Przy poprzednim rajdzie przed premierą CyberPunka paliwa było dużo więcej teraz 2/3 lata przed premierą prawie się wyczerpało. Ciekawe co zmotywuje zagranicznych inwestorów do władowaniąc tu kolejnych miliardów do pchania kursu , bo Polska ulica od dawna już zapakowana i kasy nie ma.",neutral,0.9772999286651611,0.013042207807302475,0.9772999286651611,0.009657850489020348,0.0033843573182821274,
27392,~SprzedałemWszystko - no i co?,neutral,0.9691187143325806,0.02424859255552292,0.9691187143325806,0.006632707081735134,0.017615885473787785,
27362,Shorcie nikt wam nie sprzedaje oprócz was. Tracicie akcje . Kupicie po 235 zł,neutral,0.4557895064353943,0.16862350702285767,0.4557895064353943,0.37558701634407043,-0.20696350932121277,
5510,"Wszystkie dobre informacje za nami. Dzieci jeszcze czekają na nic nie znaczącą informację o Nintendo2 jakby kogoś na memowej spółce interesowało tak naprawdę czy zarobiła kilkadziesiat milionow czy nie. Dywidenda i tak zawsze będzie śmiesznie mała. Analitycy szacują sprzedaż w 2025 na 125 mln zł netto. Robi to jakieś wrażenie na kimś ? No chyba nie. Im szybciej wyjdzie ta informacja i patch do CP2077 wnoszący świecidełka tym szybciej przejdziemy do sprzedaży faktów tak popularnej taktyki na tej spółce. Kto kupił plotki to zarobił pięknie, kto kupuje teraz po sprzedazy faktów ten wiadomo jak skończy, jak typowy leszcz. Kolejne większe wydarzenie w kolejnym roku , kurs rośnie około miesiąc przed więc czeka nas fajna korekta przez wakacje. Pamiętajcie że shorty wam zrobiły popyt na ponad 1000 milionów w ostatnie 7 miesiecy ale już tych pieniazkow nie ma. To co nowe wzbudza najwięcej emocji więc kolejne trailery już takiej euforii nie wywołają. A tutaj tylko emocje grają. Przygotujcie się na 20/30% bessy. Jeszcze tydzień dwa.",neutral,0.980663001537323,0.012541338801383972,0.980663001537323,0.006795614026486874,0.0057457247748970985,
16272,zarząd znowu kupuje :),neutral,0.9698379039764404,0.02065727300941944,0.9698379039764404,0.009504864923655987,0.011152408085763454,
17836,Lepiej by short zarobil odkupujac i grajac na long :),neutral,0.4032217860221863,0.326325386762619,0.4032217860221863,0.2704528868198395,0.05587249994277954,
16528,No przecie kupili 6 akcji.walor prawie wykupiony.Sygnal do wzrostów.,neutral,0.9841728210449219,0.005389335565268993,0.9841728210449219,0.010437854565680027,-0.005048519000411034,
5574,"Cyberpunk jest jedyną grą na Switch2 która wykorzystuje większość możliwości tego sprzętu .To nie jest mocny konsola na dzisiejsze czasy ,tylko będzie miała sporą sprzedaż, bo stary Switch na dużą bibliotekę i ponad 150 milionów posiadaczy poprzedniej konsoli i oni kupią Switcha2 .Cyberpunk jest dla Nintendo wzorcem i wskazuje jak inne firmy powinny podejść do Swicha2.Jeżeli Cyberpunk jest na drugim miejscu na Switchu2 to jego sprzedaż jest bardzo wysoka i wygrywa z innymi grami Nintendo, przypuszczam że Nintendo nie chce podać ilości sprzedanych gier i CDP nie ma nic do powiedzenia.Suma sumarum to nie wiadomo jaka jest sprzedaż Mario Kart Word ,tylko widziałem porównania obu gier i MKW jest oceniany gorzej tak to delikatnie napisałem i Cyberpunk może mu deptać po piętach lub nawet lepiej i dla tego nie chcą podać konkretnych liczb bo to by mogło być niekorzystne dla Nintendo ,takie mam wrażenie po przeczytaniu wielu różnych informacji na ten temat.Cały czas pisze o tym że mam takie wrażenie ,bo jak jest tego nie jestem pewien ,tylko podanie ilości sprzedanych sztuk może być niekorzystne dla marketingu Nintendo i podważyć pozycję MKW.Prawdopodobnie trzeba będzie poczekać do sprawozdania finansowego CDP .",neutral,0.4495669901371002,0.19380417466163635,0.4495669901371002,0.35662880539894104,-0.1628246307373047,
2550,"Tuskolandia tuskokracja zapakowane po uszy aż gały wychodzą bokiem uszami. Cały parlament sejm trzyma akcje orleny, OFE, TFI, ppe, zagraniczne fundusze bofa GS ms, dolar słaby, złotówka rośnie, wig rośnieTylko do góryJa trzymam do dywidendy i czekam na 2026 bo też będzie dużo kasyPozdrowkaBankier",neutral,0.9819018244743347,0.005558418575674295,0.9819018244743347,0.012539811432361603,-0.006981392856687307,
13085,"Zaprezentowany materiał na State of Unreal, mimo że zrobił powszechne wrażenie w środowisku graczy, oceniliśmy neutralnie z perspektywy wyceny, ponieważ ani on nie przyśpiesza terminu potencjalnej premiery, ani nie zmienia istotnie naszych założeń o potencjale komercyjnym gry – komentuje Mateusz Chrzanowski, ekspert z Noble Securities. Spodziewa się mocnej sprzedaży nowej gry, ponieważ IP niezwykle zyskało na popularności, a do tego CD Projekt przyzwyczaił rynek do ambitnych produkcji. Inwestorzy będą się uaktywniać wraz z nowymi materiałami. Z jednej strony może to być czysta spekulacja i próba wykorzystania emocji, choć z drugiej im więcej fragmentów z gry zobaczymy, tym trafniej będzie można ocenić potencjał sprzedaży, więc być może będziemy po prostu świadkami doszacowania oczekiwań części, dotychczas sceptycznych, inwestorów – podsumowuje ekspert. trailery już takich emocji nie wywołają jak ten z zaskoczenia. Zaskoczenie zawsze daje największe efekty wzrostowe czy spadkowe. Widzimy się za 2 miesiące na 200 zł",neutral,0.9659721255302429,0.003407780546694994,0.9659721255302429,0.03062008135020733,-0.027212300803512335,
4371,"Gruby, weź parę zeta spuść, bo kolejka do kupna długa.",neutral,0.43912893533706665,0.2017984241247177,0.43912893533706665,0.35907265543937683,-0.15727423131465912,
22747,Nie sprzedawać shortom!!!,neutral,0.9763662815093994,0.01064286008477211,0.9763662815093994,0.012990863062441349,-0.002348002977669239,
5350,"W4,W5,W6 W1Remake, CP2077 sequel, a ponadto karcianki, seriale i kreskówki. Myślę, że są perspektywy na strumień pieniędzy. Każdy kupuje, bo od roku z małymi korektami tylko rośnie tzn. ""taniej już było"".",neutral,0.4122772216796875,0.22006739675998688,0.4122772216796875,0.36765536665916443,-0.14758796989917755,
5180,ja ogoliłem dzis byłem od 186teraz to sie na gorce sprzedaje wartosc ksiegowa 28zł dwadziescia osiem słownie,neutral,0.9882013201713562,0.005436698440462351,0.9882013201713562,0.006361884530633688,-0.0009251860901713371,
21097,Mentor napisał że w piątek sprzedał po 255 więc będzie rosło.,neutral,0.4592288136482239,0.25163373351097107,0.4592288136482239,0.28913748264312744,-0.03750374913215637,
16081,To czemu tego nikt nie kupuje!?,neutral,0.4611024856567383,0.09852824360132217,0.4611024856567383,0.440369188785553,-0.3418409451842308,
18420,"Ty zawsze kupujesz jak powinno się sprzedawać , czy sprzedać już dawno.Wchodziłeś po 280 i po 275",neutral,0.9727059006690979,0.004973508883267641,0.9727059006690979,0.022320576012134552,-0.01734706712886691,
15140,A to nie spadlo w okolice 121? Jutro kupisz po 118,neutral,0.9803140163421631,0.008114321157336235,0.9803140163421631,0.011571633629500866,-0.003457312472164631,
12155,"Jak skończę o 11 to potem idę sprzontać toy-toye, a potem kupiem akcje reduw, bo są ciągle tanie jak na bananie.",neutral,0.9656887650489807,0.01716972142457962,0.9656887650489807,0.017141524702310562,2.8196722269058228e-05,
3198,Czy ktos tam beknie ze sprzedawali a ze jestem beneficietem NN i wplacam Co miesiac STANOWCZO PROTESTUJE w przeniewiezaniu mojch srodkow,neutral,0.9736008048057556,0.006768499966710806,0.9736008048057556,0.01963062211871147,-0.012862122152000666,
12910,To jak wisisz na haku to nie lepiej sprzedać se stratą i zacząć kółka robić? To chyba lepsza strategia niż czekać 5 lat.,neutral,0.9857127666473389,0.004883924033492804,0.9857127666473389,0.009403363801538944,-0.004519439768046141,
19485,Dobrze im więcej shortów tym później szybciej w górę idzie,neutral,0.4052111506462097,0.31176698207855225,0.4052111506462097,0.2830218970775604,0.02874508500099182,
21585,Breakout Momentum: Last SELL on 2025-07-22: zwrot 72% w skali dwoch latMacd Divergence: Last BUY on 2011-12-08 zwrot 53.3% w skali dwoch latMomentum Kirkpatrick: Last SELL on 2025-08-05 zwrot 30.5% w skali dwoch lat,neutral,0.9769123792648315,0.01589536853134632,0.9769123792648315,0.007192295975983143,0.008703072555363178,
2616,Typie przeczytaj najpierw co to jest fix i jego zasady a podjniej pisz durnoty ze ktos kupowal po 83 xd,neutral,0.9793339371681213,0.0036324551329016685,0.9793339371681213,0.017033671960234642,-0.013401216827332973,
22704,Sprawdzac shorta i do knf,neutral,0.44611892104148865,0.26060736179351807,0.44611892104148865,0.2932737171649933,-0.03266635537147522,
14868,"Short liczy, że mu sprzedamy :)))",neutral,0.9775357842445374,0.0097045311704278,0.9775357842445374,0.012759735807776451,-0.003055204637348652,
27726,Przy 19k sprzedam,neutral,0.4649673104286194,0.434905469417572,0.4649673104286194,0.10012724250555038,0.33477822691202164,
19930,Byś kupił ale nie kupisz przez długie lata .,neutral,0.9810147285461426,0.012601944617927074,0.9810147285461426,0.006383243482559919,0.006218701135367155,
2588,"Qube ujawnił się 07.02.25 r z ilością 0,68% co daje prawie 7 000 000 mln sztuk akcji w dniu ujawnienia w rejestrze krótkiej sprzedaży w dniu ujawnienia kurs wynosił 55 zł dzisiaj kurs jest 80 zł czyli mają stratę na każdej akcji 25 zł i teraz jeżeli pomnożymy 25 zł razy 7 000 000 sztuk akcji to wychodzi nam 175 000 000 mln zł straty taką mają wirtualną stratę na chwilę obecną na Orlenie ale to jeszcze nic na Dino na chwilę obecną wirtualna strata to jest około 100 000 000 mln zł . Do tego trzeba też doliczyć koszty pożyczonych akcji i prowizję brokerską. Więc jak widać nie idzie im za bardzo na polskiej GPW.",neutral,0.9782294631004333,0.014152294024825096,0.9782294631004333,0.007618247531354427,0.006534046493470669,
27633,"Jutro ustawiam kupno po 128 zeta po słabych wynikach gram na""kreski"" tam wsparcie nic wyzej kolego",neutral,0.9890468716621399,0.008143443614244461,0.9890468716621399,0.002809679601341486,0.005333764012902975,
20963,Kto każe sprzedawać,neutral,0.9798200726509094,0.013742519542574883,0.9798200726509094,0.00643734447658062,0.007305175065994263,
12777,"Zacząłem akumulować akcje przed premierą cyberpanka po 370, po latac usredniania miałem średnia 243. Sprzedałem na przedostatniej podbitce po 250,7 i odkupiłem po 232,5 i taka jest moja średnia.",neutral,0.9705354571342468,0.007504760287702084,0.9705354571342468,0.021959709003567696,-0.014454948715865612,
17749,"Dlatego ja sprzedałem po 88 i jestem zadowolony. Moim zdaniem już mocno napompowane. Trzeba realizować zyski, a nie stać w miejscu jak ma to tu miejsce od 2tyg",neutral,0.984727144241333,0.00379350408911705,0.984727144241333,0.0114793311804533,-0.00768582709133625,
19482,"Zobacz na wykresy miedzi, w Londynie i NY i przeczytaj co napisałeś. W mojej opinii teraz na kursie miedzi w Londynie rysuje się trójkąt zwyżkujący i 12~13tys będzie w zasięgu, a w USA pójdzie do góry bo miedzi będzie brakowało. P.S. Po pierwsze. Import jest zbieżny z kupnem, bo ogólnie gdzie takie USA mają tą miedz reexportowac, jak pisałem o zapotrzebowaniu z rynków zewnętrzych 810 tyś w 2024? Po drugie. Myślę że jeszcze z tym prezydentem USA wszystko jest możliwe i może obniżyć cła, on jest nieprzewidywalny, poczytaj jakie straty mają firmy w USA przez jego decyzje handlowe. Po trzecie. To że kiedyś coś było eksportowane do USA nie oznacza że nie może iść w innym kierunku. Chodzi tylko o umowy handlowe pomiędzy państwami. Ogólnie wiadomo ciężki temat, dużo niewiadomych, każdy z nas ma jakąś taktykę na rozwój sytuacji i jej się trzyma. Ja czekam teraz na umowy handlowe z USA i wtedy decyduje się co dalej.",neutral,0.4469354748725891,0.4468202590942383,0.4469354748725891,0.10624426603317261,0.3405759930610657,
14390,1.Dolar spada2. Miedz w ue spada3. Procent sprzedaży w usa z tych kopalni to 4%4. Brak sprsedazy miedzi w usa przez ue i inne kraje spowoduje nadpodaz tego surowca w ue i nietylko…,neutral,0.9876731038093567,0.010117137804627419,0.9876731038093567,0.002209781901910901,0.007907355902716517,
4196,Long dopiero przy 1gr,neutral,0.4633678197860718,0.4609840512275696,0.4633678197860718,0.07564809173345566,0.3853359594941139,
1614,"Al odpowiadaCzynniki wpływające na opłacalność:Lokalizacja: Ważna jest średnia prędkość wiatru (minimum 7 m/s to granica opłacalności) oraz liczba wietrznych dni w roku.Koszty instalacji i eksploatacji: Malejące koszty produkcji energii wiatrowej, a także skalowanie projektu (np. budowa farm wiatrowych) mogą obniżyć koszty jednostkowe.Wsparcie rządowe i ulgi podatkowe: Dotacje, preferencyjne kredyty i gwarancje ceny skupu prądu mogą zwiększyć atrakcyjność inwestycji.Wzrost zapotrzebowania na energię: Rosnąca popularność pojazdów elektrycznych i innych rozwiązań, które wymagają energii elektrycznej, może zwiększać popyt na energię z wiatru.Stabilne ceny paliw kopalnych: Elektrownie wiatrowe nie są zależne od cen paliw kopalnych, co w czasach wahań cen surowców może być dodatkowym atutem.Zalety energii wiatrowej:Czysta energia: Elektrownie wiatrowe nie emitują szkodliwych substancji, co jest istotne w kontekście ochrony środowiska.Długoterminowa opłacalność: Pomimo wysokich kosztów początkowych, elektrownie wiatrowe mogą generować zyski przez długie lata.Możliwość sprzedaży nadwyżek energii: Gospodarstwa domowe i firmy mogą sprzedawać nadwyżki wyprodukowanej energii do sieci.",neutral,0.9724605679512024,0.007563280873000622,0.9724605679512024,0.019976213574409485,-0.012412932701408863,
20311,ja na nią liczę :). Chciałbym trochę taniej dokupić.,neutral,0.4267123341560364,0.39974644780158997,0.4267123341560364,0.17354115843772888,0.22620528936386108,
14471,"bo kierunek 120,00 nie jest zagrożony! Pozdrawiam Long-timerów!",neutral,0.4687032997608185,0.07871135324239731,0.4687032997608185,0.4525853991508484,-0.3738740459084511,
5404,Potrzeba twojej inteligencji by kupić na szczycie,neutral,0.3539113402366638,0.32328811287879944,0.3539113402366638,0.3228006362915039,0.0004874765872955322,
288,"Również może brzmieć tak:Nie słuchajcie trolli wzrostowych.W ostatnim tygodniu sprzedano akcje za ponad 1 mld PLN. Nie po to sprzedano, aby teraz rosło do 100.Sprzedać akcje, będzie maksimum 60 PLN.",neutral,0.4722914695739746,0.253339558839798,0.4722914695739746,0.27436894178390503,-0.021029382944107056,
18844,"Najpierw reko na zamówienie z mBanku sprzedaj, a teraz wywalają to co pożyczyli, nawet leszcze już tego nie łykną‼️",neutral,0.9672741889953613,0.012549467384815216,0.9672741889953613,0.020176371559500694,-0.007626904174685478,
15594,"Ja tam się cieszę jak wchodzę na to forum i widzę morze nagonki na tego giełdowego gniota.Wiadomo wszak, że nikt bezinteresownie nie pisze setek postów dziennie przez 7 dni w tygodniu. :)Na Atlaset przerabiałem to samo, tylko tam było dużo mniej ścieku, ale było też tam kilku typów co pisali codziennie jaka to spółka wspaniała, że zarobimy, itp. kocopoły.Skończyło się na zdjęciu z giełdy i ciszy na forum.Miłego !",neutral,0.4770817756652832,0.4439736008644104,0.4770817756652832,0.078944630920887,0.3650289699435234,
5923,"Nie będzie, shorty juz od stycznia powolutku się wycofują. Minimalizują straty , a odkupili juz polowę tego co pożyczyli",neutral,0.4578686058521271,0.42363330721855164,0.4578686058521271,0.1184980496764183,0.30513525754213333,
22065,"Jeśli jakieś firmy z energią odnawialną mają problemy to z pewnością bardziej firmy fotowoltaniczne, które w wielu wypadkach są nastawione na sprzedaż detaliczną. W Polsce problem z energią wiatrakową są głównie natury ustawowej (odległość wiatraków od terenów zabudowanych), które z niewiadomych względów nadal nie są rozwiązane?!!! Poza tym rynek farm wiatrowych ma się bardzo dobrze i inweswtycje stale rosną !",neutral,0.9663577675819397,0.005720147863030434,0.9663577675819397,0.027922041714191437,-0.022201893851161003,
17577,Dlaczego sprzedać przed dywidendą?,neutral,0.4560397267341614,0.22744518518447876,0.4560397267341614,0.3165150582790375,-0.08906987309455872,
15613,dużo prawdy ale nie do końca najp[pierw dostana ulgi i dopłaty od rządu potem beda odpisywać wszystko od gwoździa po maszyny od zysku( mądry rząd wprowadziłby im podatek od obrotu i pozwolił sprowadzać to czego sami nie produkujemy) tak jak to robią firmy zagraniczne wiem bo w takiej robiłem sprowadzali nawet żarówkę1 szt . do koguta z ameryki a potem nam będą sprzedawać nasza miedz tak to wygląd i wierz mi zrobią to piorunem w góra 1-2 lata,neutral,0.46526584029197693,0.3134554326534271,0.46526584029197693,0.22127871215343475,0.09217672049999237,
12006,"Na dzień dziejszy brak jakichkolwiek informacji co do sprzedaży Cyberpunk na NS2, ale... Sprzedaż Mario Kart World to ok 1.75 mln kopii fizycznych na świecie a Cyberpunk to silny numer 2 jeżeli chodzi o dprzedaż fizyczną (USA nr 2, Japonia nr 3). Trzeba pamiętać że jest jeszcze eShop, a samych konsol w ciągu kilku pierwszych dni sprzedano 3.5 mln sztuk, teraz może być grubo ponad 4 mln sztuk. Prawdopodobnie ok 70 do 80 % Graczy kupiło Mario kart fizycznie albo eshop co grubo ponad 3.5 mln sztuk, jeżeli Cyberpunk jest #2 i ma zasieg 30-40% to już mamy ok 0.9 do 1.2 mln sztuk.",neutral,0.39393362402915955,0.3068145215511322,0.39393362402915955,0.29925182461738586,0.007562696933746338,
2315,Tylko pytanie czy to nie wpłynie na gospodarki ? Co z tego że ropa droga jak będzie się mniej sprzedawać,neutral,0.44673365354537964,0.387149840593338,0.44673365354537964,0.16611650586128235,0.22103333473205566,
14874,Shorty nie sprzedamy wam,neutral,0.9695364832878113,0.019035227596759796,0.9695364832878113,0.0114282900467515,0.007606937550008297,
21054,"Piszesz bzdury , bo ma być panika żeby shorty miały od kogo kupować ,bo regularnie się wycofują .Jest trochę czasu do sprawozdania finansowego i przed nami słoneczna pogoda która zachęci do wypadów nad wodę i dlatego to jest znakomity moment na odkup.Nikt normalny nie sprzeda poniżej 250 ,kókowicze sprzedawali po 27? i po 28?",neutral,0.46805211901664734,0.40723153948783875,0.46805211901664734,0.12471634894609451,0.28251519054174423,
1197,Właśnie sprzedałem wam wszystko co miałem lecę na urlop papa,neutral,0.9658252000808716,0.023905329406261444,0.9658252000808716,0.010269499383866787,0.013635830022394657,
22953,tusk właśnie otworzył shorta na całym wig 20.Wszystko rozstrzygnie się po 15 sierpnia po spotkaniu trumpa z ptinem,neutral,0.37783706188201904,0.2922927737236023,0.37783706188201904,0.3298701047897339,-0.03757733106613159,
27439,Brawo. Gonić shorty,neutral,0.46829554438591003,0.3822975754737854,0.46829554438591003,0.1494068056344986,0.2328907698392868,
19300,"Spokojnie, spadło do ceny sprzed dwóch miesięcy.",neutral,0.44830864667892456,0.328755259513855,0.44830864667892456,0.22293618321418762,0.10581907629966736,
5911,"My zbieramy takom maszynkom to szybko idzie, tylko musimy uważać bo leśniczemu się to nie podoba i kiedyś pogonił nas nago po lesie. Puźniej sprzedajemy to przy drodze. Dzisiaj zarobiliśmy już 500 złoty!!!! A jeszcze mamy parę słoikuw. Na jagodach w tamtym roku zarobiłem lepiej niż nie jeden tutaj na etacie jak robi legalnie!",neutral,0.9743399620056152,0.006995828822255135,0.9743399620056152,0.018664151430130005,-0.01166832260787487,
22006,"HEHEHE vel SHORT odjechałeś już, czy za chwilę jak kghm w pon dojdzie do 141?",neutral,0.4068179130554199,0.24289314448833466,0.4068179130554199,0.3502889573574066,-0.10739581286907196,
15301,Niech dziad sam sprzedaje za tyle. Miedzcsrebro platyna palad wszystko drogieca on jekies grosze tucwycenia !!!! Jaki to anality???Miernota jakas ..,neutral,0.46626016497612,0.43980246782302856,0.46626016497612,0.09393736720085144,0.3458651006221771,
4150,"Strzeliłeś nie w 10 tylko w kolano, ale wiadomo że nie masz i nie miałeś akcji. Pozdro stalowe Longi oddamy po 500 600 itp.",neutral,0.46400895714759827,0.2134324163198471,0.46400895714759827,0.32255861163139343,-0.10912619531154633,
14524,no chile chyba sporo sprzedawało do USA ale już nie sprzeda raczej...,neutral,0.43971049785614014,0.3369854986667633,0.43971049785614014,0.22330398857593536,0.11368151009082794,
14500,"Trumpek cłami faworyzuje swoje, zatem będzie spadek exportu i niższe ceny aby volumen odbudować(już widać londyn) i aby być konkurencyjnym. Imporerzy usa już zrobili zapasy, można spodziewać sie luki zamówieniowej. Kurs dolara do innych walut dodatkwo obniża zysk producenta z zawartych kontraktów . Podsumowując lekko nie będzie, nawet nie ma wsparcia dywidendowego. Oby 90 wytrzymalo. Idealne warunki na short.",neutral,0.9709341526031494,0.014295564033091068,0.9709341526031494,0.014770228415727615,-0.0004746643826365471,
1385,"gdzie wy widzicie przewartosciowanie?wartość księgowa to ponad 120,wynik za 2q 2025 i 3q 2025 będą napewno lepsze niż rok temu, o co najmniej kilka miliardów, oddawane w międzyczasie kolejne inwestycje w tym roku i kolejne na przyszły rok zapowiedziane, - co dodatkowo zwiększy przychody i poprawi wskaźnikipo odcięciu dywidendy c/zo będzie wygladać jeszcze korzystniej, a niedługo potem wyniki za 2q,gdzie tu jest przewartościowanie skoro rok temu był zjazd przez odpisy i działania shortów, nie ma sensu sie pozbywać akcji skoro jest jasna polityka dywidendowa i poprawa wyników w każdym kolejnym kwartale,co chwile ktoś tu piszę o górce bez merotorycznych argumentów - myślenie życzeniowe itp a kurs i tak idzie wyżej, piszecie o korektach, ale się nie łapiecie na kółka i zostajecie bez akcji",neutral,0.9750394821166992,0.019466135650873184,0.9750394821166992,0.00549438176676631,0.013971753884106874,
11972,"2% w dół a już się pojawiło co ajmniej kilka szczeniaków od shorta tylko Nicki zmieniają, zrozumcie spadizochy że tu kierunek jest tylko jeden i o nasz hajs się nie martwcie, od 110zl mówicie o spadkach a jest 265 :D a będzie i może 550 600 700 w ciągu max 2 lat, zegar tyka a Wy w D.. pozdro Longi",neutral,0.993114173412323,0.0023353411816060543,0.993114173412323,0.004550464916974306,-0.002215123735368252,
2915,Zawsze na weekend sprzedajesz wszystkie akcje? Ja tak nie robię chyba że jakiś totalny kryzys jest przewidywany.,neutral,0.4742336571216583,0.4024871289730072,0.4742336571216583,0.12327928096055984,0.27920784801244736,
20967,"38 mln obrotu. Czyli ktoś sprzedał za połowę tego a ktoś kupił. Przy cenie 250 zł. To 1,5 roku temu to byłoby z 13 mln po cenie koło 100. Generalnie można powiedzieć ze to są bez znaczenia dni. Te co mają znaczenie to takie po minimum 100 a najlepiej koło 200 mln. Cała reszta to szept.",neutral,0.979105532169342,0.01093941181898117,0.979105532169342,0.009955071844160557,0.0009843399748206139,
13104,"I nie sprzedam przez najbliższe miesiące, ja tu czekam na min 500 albo i lepiej",neutral,0.9905049204826355,0.005678833927959204,0.9905049204826355,0.003816300770267844,0.0018625331576913595,
17573,"Ktoś mi powie czemu leci tak ostatnio w dół? Trzymam w sumie long od pandemii, średnia zakupu 37zł.",neutral,0.9787194132804871,0.004982030484825373,0.9787194132804871,0.01629851572215557,-0.011316485237330198,
18194,Jak ostatnio z 257 zł spadło na 210 zł to teraz z 285 spadnie na 220.Nie mają pojęcia o ograniczeniach kanału w trendzie wzrostowym.Po prostu chcą żebyście sprzedali akcje bo przecież kupicie 30 złotych taniej.Okazja życia.Ogr dolne jest koło 245-248 wg moich kresek.Pozdrawiam akcjonariuszy,neutral,0.4356566369533539,0.3270725607872009,0.4356566369533539,0.237270787358284,0.08980177342891693,
16238,"""Skutki powinny zostać ograniczone do kilku najbliższych tygodni. Na chwilę obecną (dzień po zdarzeniu) LPP nie jest w stanie szczegółowo określić potencjalnych kosztów finansowych, poza wartością utraconych towarów oraz maszyn"" - napisano.LPP gra fair i mowi że potrzebuje chwili na oszacowanie całkowitych skutków finansowych pożaru. Ja wyszedłem z pozycji i czekam na końcowy komunikat LPP. Jeśli jest dobrze to do rekomendacji na poziomie 20-23k jest jest jeszcze dużo przestrzeni na odkupienie akcji.Nie kryję że trochę zaskoczyła mnie i formacja ze p. Piechocka dokupiła akcje. Ale to chyba był ruch (bardzo dobry zresztą) żeby zgasić ewentualną panikę.Cały czas nie kumam shorta. Czy ktoś może mi wyjaśnić dlaczego - jak ktos napisał - schował się do nory?",neutral,0.41975137591362,0.36750513315200806,0.41975137591362,0.21274347603321075,0.1547616571187973,
16188,Powiem tak za rok lub dwa kupując teraz ten papier na 99 proc zabicie dużo lepiej niż na lokacie. Czy ta spółka ma ryzyka? Tak ale nie większe niż średnia WIG20. Czy WIG 20 wzrośnie w 2 lata więcej niż lpp? Odpowiem: przepuszczam że wątpię. Dlatego jeśli ktośma wolne środki na dłuższą inwesrycję to naprawdę moim zdaniem warto. Jeśli macie argumenty na to że tak nie będzie to proszę dajcie info.,neutral,0.4493488073348999,0.15788482129573822,0.4493488073348999,0.39276641607284546,-0.23488159477710724,
2490,Plebs więcej kupuje. Ta prezes to chyba bida z nadania Peło.,neutral,0.4385172128677368,0.13268211483955383,0.4385172128677368,0.42880067229270935,-0.2961185574531555,
26514,Nie łapie się spadających noży to stara giełdowa maxima. Rzeź banków trwa w najlepsze a to nie koniec moim zdaniem. Przy 65 zł się zastanowię z kupnem.,neutral,0.44434821605682373,0.37763041257858276,0.44434821605682373,0.17802147567272186,0.1996089369058609,
5579,"Al Bundy do syna:- Co jest ważniejsze, pieniądze czy miłość?- Pieniądze, miłość można zawsze kupić.",neutral,0.979243814945221,0.00941985473036766,0.979243814945221,0.011336316354572773,-0.0019164616242051125,
14799,"Szooooooook! Jeszcze nie mamy godziny 13:00, a na KGHM dobijamy do 100 mln złotych obrotu. Kto tak kupuje?",neutral,0.4662349820137024,0.16733649373054504,0.4662349820137024,0.3664284944534302,-0.19909200072288513,
26998,Shorty haha,neutral,0.4547531306743622,0.29534900188446045,0.4547531306743622,0.24989789724349976,0.04545110464096069,
5315,"Widać że na tym poziomie znalazło się paru chętnych to sprzedania im akcji. Ale to dobrze. Małymi krokami do góry. Myślę że te pozostałe 1,93 mln plus pewnie z 1,5 pod progiem bedzie ich kosztować zrost akcji do 350 zł. A potem już rynek będzie decydował o cenie. Jak nikt nie będzie blokował to zobaczymy prawdziwą wiarę w spółkę.",neutral,0.9808946251869202,0.003516685450449586,0.9808946251869202,0.015588665381073952,-0.012071979930624366,
4881,"Jak i stawiasz, jak nisko kurs się stoczy?240 jest mało realne, ale może dotrzemy do 250? Mam wielki apetyt na akcje cdr, dokupię ile zdołam",neutral,0.4156380295753479,0.3528691232204437,0.4156380295753479,0.2314927875995636,0.12137633562088013,
15874,Za chwilę będą kupować wszyscy na wyścigi.,neutral,0.47550061345100403,0.10889826714992523,0.47550061345100403,0.41560110449790955,-0.3067028373479843,
28118,"Czyli sprzedaż gazu wzrośnie, czyli kurs Orlenu w górę.",positive,0.46570828557014465,0.46570828557014465,0.17693687975406647,0.3573547899723053,0.10835349559783936,
21781,"Kurs akcji w ogóle jest bez znaczenia, a im tańsze tym lepiej, bo można więcej kupić i mieć więcej. Sprzedawać się nie opłaca, bo spółka jest bezcenna, prawdziwa perła. Nie mieć akcji CDP, to jak być nagim, życie bez posiadania tych akcji jest bezwartościowe, więc na tym większa wartość im więcej akcji posiadasz.",positive,0.5192744135856628,0.5192744135856628,0.2857273519039154,0.19499829411506653,0.3242761194705963,
11940,"Stanach ZjednoczonychCyberpunk 2077jest drugą najlepiej sprzedającą się grą zarówno w eShopie, jak i pod względem sprzedanych fizycznych kopii..., na amazonie w Best Sellers nr 1, w naszym m...ex... i rtv .. dostępność ograniczona w zasadzie w większości sklepów wg miejscowości w kraju niedostępny, itd. Czekam na ogłoszenie wyników sprzedaży, pytanie czy przed raportem CDR będzie się chciał taką nowiną podzielić? Czy czeka na jakąś okrągłą liczbę sprzedanych kopi gry? czy to będzie 1 mln, 1,5 mln? - tego nie wiem... do końca roku podejrzewam, że będzie to poziom ok. 2mln a 2,5 mln kopii tylko na NS2, plus reszta kanałów ...",positive,0.49677297472953796,0.49677297472953796,0.3592824637889862,0.1439446210861206,0.35282835364341736,
2099,"Masz czasem jakieś przemyślenia na temat tego dlaczego nic z tego co piszesz się nie sprawdza?Piszesz żeby pisać, to trochę tak jak rzucanie kostką i twierdzenie za każdym razem że wypadnie określona cyfra, np 6. Oczywiście w końcu wypadnie, więc rozumiem że będziesz tak długo pisać że akcje spadną, aż spadną, a wtedy będziesz się tasować przez tydzień ? O co ci chodzi? Źle życzysz tym którzy kupili i mają zyski? Jesteś szortem? To jest niepojęte. Odpowiedź może być też taka: jesteś obajtkowcem, pisowcem, a na pisowską chorobę lekarstwa nie ma.",positive,0.9976881742477417,0.9976881742477417,0.002103568520396948,0.0002083012368530035,0.9974798730108887,
26408,"To forum kiboli, każdy kibicuje dla swojej drużyny. Jak dla mnie to nonsens, efektywność tego jest żadna.Nikt mnie nie przekona do sprzedaży akcji w dołku na tym forum, ani do zakupu na szczycie.",positive,0.997708797454834,0.997708797454834,0.0014154729433357716,0.0008757654577493668,0.9968330319970846,
27525,Re: Shorty popełniacie przestępstwo art 286 kkZgłoś,positive,0.9978464841842651,0.9978464841842651,0.0014622650342062116,0.000691302411723882,0.9971551817725413,
5009,"Hehehe, może i być 230 jak tu i tak już każdy pod premiery trzyma, spadnie to się dokupi, tylko thebill by teraz akcje oddawał.",positive,0.9984776377677917,0.9984776377677917,0.0012595118023455143,0.0002628100337460637,0.9982148277340457,
13889,super promocja przez shorta zrobiona.Postawione na półce. Poczekamy,positive,0.46983274817466736,0.46983274817466736,0.4113176167011261,0.11884965747594833,0.350983090698719,
14170,Super. Ja dokupię i sprzedam powyżej 220 :),positive,0.9989025592803955,0.9989025592803955,0.0006985177751630545,0.000398964126361534,0.998503595154034,
2855,Zobacz jak za kaczki kupiłem PKOBP za 16 Zeta i sprzedałem po 52 Zeta to był zarobek Orlen 50 sprzedałem po 128 Zeta JSW 10 Zeta sprzedałem po 100 Zeta o jest GPW . Teraz to mielenie i kiszenie kapusty.,positive,0.9993289709091187,0.9993289709091187,0.00040843230090104043,0.00026263005565851927,0.9990663408534601,
12493,Była promocją to kupiłem i teraz się bende szkolił na kompieliskach żeby w Egipcie być wprawionym i wtedy bende mugł zbierać skarby pod piramidami i zarobię grube pieniondze z tego i za wszystko dokupię akcji Reduw. A to wszystko bendzie pod koniec roku jak zrobimy zlot akcjonariuszy a akcje bendom po 2000 złoty za akcje. Tak to bendzie.,positive,0.9986507296562195,0.9986507296562195,0.000866357353515923,0.00048290553968399763,0.9981678241165355,
1190,Dziś 200 sztuk kupiłam. Mam 9200 szt. technik-at w nerwach,positive,0.9981929659843445,0.9981929659843445,0.0015369632747024298,0.0002700822369661182,0.9979228837473784,
5340,Słuchajcie typa który sprzedaje szkolenia bo z giełdy wyżyć nie umie,positive,0.49261459708213806,0.49261459708213806,0.3964954614639282,0.1108899861574173,0.38172461092472076,
26485,"Teraz jest czas kupować dołki jak Polsat ! Tam wszystko idzie do przodu niższe stopy procentowe , ruszają farmy wiatrowe, nesobusy",positive,0.9981352090835571,0.9981352090835571,0.0015649490524083376,0.0002997615374624729,0.9978354475460947,
11825,Teoretycznie jakąś korelacja pomiędzy sprzedażą Nintendo Switch 2 a Cyberpunk 2077 pewnie jest,positive,0.4296005368232727,0.4296005368232727,0.41078421473503113,0.15961524844169617,0.26998528838157654,
22377,"Jutro ostatni dzien żeby załapać się na wzrosty po szczycie Trump Putin, a we wtorek wyniki. Short już wyszedł, więc jedziemy.",positive,0.9991515874862671,0.9991515874862671,0.0006942910840734839,0.00015408950275741518,0.9989974979835097,
27938,Sprzedałem. Kiedyś trzeba zrealizować zyski. Powodzenia we wzrostach.,positive,0.47889450192451477,0.47889450192451477,0.24395939707756042,0.2771461606025696,0.2017483413219452,
26439,Czyli na odbicie Banków nie ma szans to wychodzi ? Chyba muszę sprzedać z strata póki nie jest duża,positive,0.474946528673172,0.474946528673172,0.3564574718475342,0.1685960292816162,0.3063504993915558,
22649,Wystarczy nie sprzedawać i muszą kupować z góry. Nie ma podaży cena jest śmieszna,positive,0.9987775683403015,0.9987775683403015,0.0009016832336783409,0.0003207183617632836,0.9984568499785382,
4549,"Jeszcze za dywdende kupiem dodatek ""Phantom Liberty"" i bendem grał sobie na tym telewizorze, bo ja kocham reduw.",positive,0.9981746673583984,0.9981746673583984,0.0015853536315262318,0.00024000699340831488,0.9979346603649901,
924,"Można snuć domysły ile zostało do odkupienia itp, wystawiłem po 100 zł i pewnie niedługo sprzedam",positive,0.5187046527862549,0.5187046527862549,0.13004738092422485,0.35124796628952026,0.16745668649673462,
15264,"Dla pocieszenia nakarmionych pelikanów w Poniedziałek prawdopodobnie odbędzie się dokończenie obecnegokorekcyjnego wzrostu na szerokim rynku, a więc może i KGHM na ten wzrost załapie się, zależy to w dużejmierze od wyceny kontraktów na miedź.Ja mam SHORTY ale z ciasnym STOP-LOSSEM, więc najwyżej będę się ponownie ubierał w okolicy 130,00 zł!Powodzenia w podjęciu właściwej decyzji inwestycyjnej!",positive,0.43283843994140625,0.43283843994140625,0.39599114656448364,0.17117047309875488,0.26166796684265137,
16571,"Na giełdzie kupuje się przyszłość , a ta dla LPP mieni się w czarnych barwach .",positive,0.9983274340629578,0.9983274340629578,0.0012726015411317348,0.00039993596146814525,0.9979274981014896,
26307,Moim zdaniem na Switcha2 Cyberpunk jest najlepszą grą dla dorosłych na razie sprzedaje się bardzo dobrze ale po jakimś czasie prawe każdy posiadacz Switcha2 będzie chciał go mieći to może być ogromną niespodzianką.,positive,0.9977685213088989,0.9977685213088989,0.001706705428659916,0.0005247928202152252,0.9972437284886837,
4348,"Zapytaj szklanej kuli, bo nikt nie wie. Jeśli pytasz o akcje cdp, to jest to bardzo prawdopodobne. Popyt jest niewielki a spadki są przy małym wolumenie w ostatnim tygodniu.Ktoś rozgrywa jakiś scenariusz, pewnie niedługo dowiemy się jaki.Większość ulicy która chciała sprzedać, sprzedała, reszta czeka na dużo wyższe ceny, które nadejdą ale według mnie nie w perspektywie najbliższych trzech miesięcy.Pewnie niektórzy oczekują podbitki pod wyniki kwartalne, ale to loteria.",positive,0.4968184232711792,0.4968184232711792,0.47586971521377563,0.027311954647302628,0.46950646862387657,
22823,Short pożczył i wyrzucił w rynek i musi teraz odkupić. Musi teraz oddać 340 000 akcji,positive,0.9987697005271912,0.9987697005271912,0.0009686012053862214,0.0002616213751025498,0.9985080791520886,
21462,Pozostałe pustaki shortujace kolejny procent w plecy,positive,0.9978076815605164,0.9978076815605164,0.0018499632133170962,0.00034230848541483283,0.9974653730751015,
14169,Ja sprzedam,positive,0.38422006368637085,0.38422006368637085,0.3718342185020447,0.24394574761390686,0.140274316072464,
13732,Bob wisisz na haku od 4 lat masz w plecy ok 50%...z czego Ty się cieszysz ze uroslo Ci parę %?....chłopie do brzegu to nic nie zmieniaTych co kupili po 100 i mają zysk to tu można na palcach 1 ręki policzyć więc nie szalej ...,positive,0.9989222288131714,0.9989222288131714,0.0005071982741355896,0.0005705477087758482,0.9983516811043955,
15632,Jeżeli naprawdę nie dadzą dywidendy tak to było mówione to poleci poniżej oby to się nie sprawdziło 100 Chyba że funty podciągną wyżej by sprzedać na Górce tak jak to X lat temu zrobione z Polimex am sprzedając po 17 zł a Spadło na dwa,positive,0.4955890476703644,0.4955890476703644,0.32093700766563416,0.18347400426864624,0.31211504340171814,
12964,Potrzebuję trochę kasy żeby dziewczynie prezent dać bo ma urodziny. Dam jej 5 czekolad co dostałem za oddanie krwi bo 4 już zjadłem bo było 9 ale bym coś dokupił jej.,positive,0.9988892674446106,0.9988892674446106,0.0007275089155882597,0.0003831997455563396,0.9985060676990543,
23864,"Chyba tylko na twoim kompie ... pisałem wczoraj żeby kupować ale to był oczywiście żart .Przecież to padnie jak piramidka fibansowa , jasne kupować ale po 64 ,65 to ma sens",positive,0.9976264834403992,0.9976264834403992,0.001486108172684908,0.0008874016348272562,0.9967390818055719,
18637,Mam sprzedać taniej od zakupu ? A nigdy w życiu.,positive,0.46107161045074463,0.46107161045074463,0.2131001055240631,0.32582831382751465,0.13524329662322998,
22450,Spokojnie. Short próbuje zbijać kurs. Ostatnia szansa na kupno tanich akcji . Nie ma podaży od akcjonariuszy to są przynajmniej od shortów,positive,0.9982953667640686,0.9982953667640686,0.0015386248705908656,0.0001659705740166828,0.9981293961900519,
26995,120 ceb ??? Chciałbym chociaż 100 ceb to bym coś dokupił ...,positive,0.41352716088294983,0.41352716088294983,0.3609343469142914,0.2255384624004364,0.18798869848251343,
17711,Ty taki sam apartament kupiłeś jak Szubi kupił ziemieNo chyba że ziemię do kwiatków to tak,positive,0.9991313815116882,0.9991313815116882,0.0006910079391673207,0.00017757284513209015,0.9989538086665561,
4036,Praktycznie od półtora roku tak jest z małym wyjątkiem jak shorty odkupowały.,positive,0.4995608627796173,0.4995608627796173,0.4309803545475006,0.0694587454199791,0.4301021173596382,
23051,"Jak ktoś sprzedaje to ktoś kupuje, to oczywiste.Oczywiste jest też, że akcje nie leżą na jakiejś hałdzie czy na innym świeżym powietrzu tylko na czyichś kontach.",positive,0.5012385845184326,0.5012385845184326,0.15897387266159058,0.3397875130176544,0.1614510715007782,
2625,Nie panikować tylko brać przy korektach. Jankesi ładują tu kupę kasy.,positive,0.9981306195259094,0.9981306195259094,0.0009965639328584075,0.0008728070533834398,0.997257812472526,
22599,Dzięki za słowa współczucia !Kupiłem po 130 i naprawdę śpię spokojnie ale dziękuję za troskę !!!,positive,0.9987331032752991,0.9987331032752991,0.0008539985283277929,0.0004128499422222376,0.9983202533330768,
12947,"Tu ulica nie ma nic do gadania, trzymają kurs za ""ryj"" dziś pakiety latały takie że , głowę urywa . Po mimo to dalej będę grał na longa do premiery..",positive,0.9975259900093079,0.9975259900093079,0.0017096688970923424,0.0007643334683962166,0.9967616565409116,
18356,Nie jestem tym zdziwiony bo wyszczał obstawiam na matki boskiej zielnej. Większość Polakuw wruci z wakacji i bendom kupować akcje a wejdom emerytury na 10tego i 15tego to mozlowe som solidne zakupy ulicy tutaj. A nie od dziś wiadomo że tutaj to my rozdajemy karty,positive,0.9981326460838318,0.9981326460838318,0.0014844464603811502,0.0003829303022939712,0.9977497157815378,
5298,"Ponownie „katastrofalna stara gra"" rządzi w globalnej sprzedaży..! Dwa brandy Redów ważą więcej niż rzekome zyski wynikające z przejadania i nieinwestowania w rozwój oraz przyszłość przez nasze giełdowe „giganty"".. Ale na GPW wygrywa „obajtkowe myślenie"": lepiej kurę znoszącą złote jajka zarżnąć i zeżreć rosół dzisiaj - bo co nas jutrzejsze złote jajka obchodzą..! To co widzicie na obrazkach to wizualizacja światowego sukcesu, który nie znajduje uznania we własnym kraju..",positive,0.9989601373672485,0.9989601373672485,0.0008138261619023979,0.00022601378441322595,0.9987341235828353,
12279,"Terz musze iść i kupić kaszanke na grila, moja konkubina robi z cebulom i zawija w papier amuliniowy i to w tym papierze sie griluje. Muwie ci kolego z piwerkiem petarda.A jak jestemy my przy grilu to lubie patrzeć jak sie szorty grilujom na CDP :D",positive,0.38658326864242554,0.38658326864242554,0.34867578744888306,0.264740914106369,0.12184235453605652,
11900,Zawsze kupuję przed spadkiem i zawsze sprzedaję przed wzrostem.,positive,0.9983200430870056,0.9983200430870056,0.0007411702536046505,0.0009387314203195274,0.9973813116666861,
22728,Zglaszajcie shorty do knf,positive,0.9986391663551331,0.9986391663551331,0.0010839023161679506,0.0002769324346445501,0.9983622339204885,
27561,Sprzedasz shortom po 235 zł,positive,0.46869826316833496,0.46869826316833496,0.2780492603778839,0.25325244665145874,0.21544581651687622,
13257,Kupować coś cos nie ma żadnej premiery w przeciągu kilku lat? :D hahahaha.,positive,0.9983320832252502,0.9983320832252502,0.001225943211466074,0.00044202280696481466,0.9978900604182854,
4586,"Ja sprzedałem wszystkie akcje CDR pod to reko. Na lipiec założyłem krótkie gacie, a w sierpniu znowu hyc w długie pantalony! Będę bogady :)",positive,0.5069876909255981,0.5069876909255981,0.43201372027397156,0.060998622328042984,0.44598906859755516,
20584,"O czym ty będziesz młotku, wyraźnie pisałem, że 12 musisz mieć akcje, a 13 możesz sprzedać, widać u ciebie, że już piątek albo nie umiesz czytacze zrozumieniem.",positive,0.9987758994102478,0.9987758994102478,0.0010696647223085165,0.00015447272744495422,0.9986214266828028,
2120,Przecież shorty już od pół roku naprzemiennie to pożyczają to oddają akcje a rezultatem tego jest wzrost kursu z 50 zł na 80 zł. Jedyne co mogą teraz zrobić na Orlenie to wyjść z Orlenu z jak najmniejszą stratą po to są właśnie te zagrania z naprzemiennym pożyczaniem i oddawaniem akcji.,positive,0.9984281063079834,0.9984281063079834,0.0010758533608168364,0.0004961072700098157,0.9979319990379736,
24243,"Niestety jesli chodzi o sprzedaż CP2077 na NS2 to trudno coś konkretnego znaleźć szacunki mówią, że w pierwszych dwóch miesiącach mogło się sprzedać od około 150.000 do nawet 800.000 szt. Tak czy owak długofalowo to olbrzymi sukces firmy i pewnie wpłynie pozytywnie na przyszle plany.Ja zakładam sprzedaż do końca biezącego roku na poziomie 1,5-2mln szt....wiem że to optymistyczne ale oceny i odbiór gry są wręcz fantastyczne a brak konkurencji i keycardy jakby jeszcze dodatkowo wpływały na coraz lepsze postrzeganie gry i samej firmy.",positive,0.9992192983627319,0.9992192983627319,0.0006339224055409431,0.00014673388795927167,0.9990725644747727,
15056,"950 spółek skarbu państwa? I nie wierzycie, że sprzeda też KGHM? Miejmy nadzieje że nie zdąży!",positive,0.9986796975135803,0.9986796975135803,0.0008427802240476012,0.0004775435372721404,0.9982021539763082,
15745,Kupic i czekać!!,positive,0.9980216026306152,0.9980216026306152,0.0016723719891160727,0.00030599598539993167,0.9977156066452153,
18690,Dokupuję tylko ile mogę ale sam nie dam rady,positive,0.9989380240440369,0.9989380240440369,0.0008038001833483577,0.00025820318842306733,0.9986798208556138,
16681,"Tyle lat rosło, teraz na 8 a może i na 5 tysi i można znowu kupować.",positive,0.47324317693710327,0.47324317693710327,0.4482173025608063,0.07853960245847702,0.39470357447862625,
24488,"Jestem przerażony i zawiedziony. Kupiłem po 250zł, mam nadzieję że chociaż po tyle sprzedam dzisiaj.",positive,0.9989669322967529,0.9989669322967529,0.000692929548677057,0.0003400870773475617,0.9986268452194054,
16809,Widać że wyniki Nie mają znaczenia. Znaczenie ma siła funduszy dołujących kurs.Pocieszeniem jest że jak zmienia się im cele to z równą determinacją będą ciągnąć kurs w górę.Ja dokupiłem Kolejne akcje.,positive,0.5047619342803955,0.5047619342803955,0.01932741515338421,0.4759107232093811,0.028851211071014404,
24636,"SWITCH 2'S TOP 15 ESHOP GAMES AFTER ONE MONTHJest podana pierwsza piętnastka gier na switcha 2 po pierwszym miesiącu sprzedaży w eshopie , tak podaje EGL nie wiem skąd mają te dane z eShopu ,ale Cyberpank w pierwszym miesiącu sprzedaży był na 3 miejscu ,każdy może to sam przeczytać wystarczy zaznaczyć to co napisałem dużymi literami i kliknąć wyszukaj.Natomiast na Amazonie w USA na fizycznym nośniku jest Cyberpunk jest obecnie na 4 miejscu i wyprzedza Maro Kart World.W pierwszym miesiącu na Amazonie w USA Cyberpunk na fizycznym nośniku długo był na 1 miejscu.",positive,0.9981123208999634,0.9981123208999634,0.001591934240423143,0.00029571395134553313,0.9978166069486178,
21955,Po co dywidendę skoro można po 69 zł kupić a nawet piszą że zakres spadków będzie 68 zl,positive,0.4310053586959839,0.4310053586959839,0.4247461259365082,0.14424851536750793,0.28675684332847595,
16157,a wiekszosc juz zaczyna watpic w akcje LPP i o to chodzi shortujacym tu ...ja inwestorem beda tu jeszcze rok czy dwa i te shorty to tylko pierdniecie bedzie ....jak i pozar bo 100% odzyskamy z ubezpieczenia albo wiekszosc kosztów w najgorszym wypadku - to zdarzenie nadzwyczajne nie majace wplywu na strategie rozwoju LPPpozdrawiam,positive,0.5180293917655945,0.5180293917655945,0.17017431557178497,0.3117963373661041,0.20623305439949036,
23052,Są majątkiem pod który można nawet wziąć kredyt. Znam gościa któremu bank udzielił kredytu pod zabezpieczenie na akcjach PKN i KGHM i to na 80% ich wartości. Nie musiał sprzedawać a kasę na rozwoj biznesu miał.,positive,0.3512498438358307,0.3512498438358307,0.34565916657447815,0.3030909299850464,0.0481589138507843,
18314,? …ja trzymam. Jestem głupim patriotą?,positive,0.5192739963531494,0.5192739963531494,0.45381271839141846,0.026913225650787354,0.49236077070236206,
15318,"to chyba dobrze ze spadnie, bo taniej kupicie",positive,0.997729480266571,0.997729480266571,0.001834684400819242,0.00043587942491285503,0.9972936008416582,
16544,"Spółka jest bardzo stabilna ma dobre wyniki finansowe, perspektywa dobrej wyceny przez rynek. To są argumenty żeby to kupować. W przeciwieństwie do spółek bankrutów które nie wiadomo dlaczego notują wzrosty bindowane tylko przez szorty żeby za chwilę jest dołować wolę tutaj długoterminową pewność że będzie zarobek",positive,0.5253543257713318,0.5253543257713318,0.1172112226486206,0.3574344515800476,0.16791987419128418,
5524,Ciekawe kiedy CD Projekt pochwali się sprzedażą Cyberpunka,positive,0.49827173352241516,0.49827173352241516,0.4274289011955261,0.07429929077625275,0.4239724427461624,
21704,Nie zgodzę sie ze on tylko tak sobie pisze ...pamiętam jego posty zupełnie wyjęte z wiadomościami z tzw kapelusza..czy zapewnienia przy cenie ok 460 zł ze to najlepszy moment do kupna cdr bo te akcje sa warte minimum 3 razy tyle ...no fakt nie pomylil sie tylko w drugą strone..zrobiło sie ok 100zl wiec nie traktuje tego gościa poważnie,positive,0.9976791739463806,0.9976791739463806,0.0015077842399477959,0.000813012127764523,0.9968661618186161,
2307,"Wiedźmy co lepsze pakietosy wymiatają złotymi miotłami do siebie, jak wszyscy oddadzą to mogą przyjść czasy ,że jak ktoś chce to będzie mógł kupić ale po200 albo wcale. Aktualizacja wyceny postępuje w dość szybkim tempie ,tak jak dawno temu sie już należało",positive,0.49751248955726624,0.49751248955726624,0.15665872395038605,0.3458288013935089,0.15168368816375732,
23131,Ja nie sprzedałem... Mam średnia 53...dokupuje bo interesuje mnie dywidenda a nie kółka,positive,0.5070469379425049,0.5070469379425049,0.3580072522163391,0.13494586944580078,0.3721010684967041,
22500,Te akcje short musi odkupić.Short liczył na panikę ale nie ma sprzedających. Akcje warte 235 zł,positive,0.37996307015419006,0.37996307015419006,0.2760961055755615,0.3439408242702484,0.03602224588394165,
20862,"Na podstawie morningstara widać, że zaangażowanie funduszy w PKN lekko spada, ale taki Goldman dużo dokupuje.. Będzie trzeci fala wzrostowa, ale raczej dopiero po dywidendzie. Wiele osób nie lubi ""tracić"" kasy na belkę.",positive,0.47033700346946716,0.47033700346946716,0.17673802375793457,0.35292500257492065,0.11741200089454651,
20440,Kto sprzedaje kto kupuje ? wszyscy liczyli że przed dywidendą będzie roso a po będzie spadać na razie pierwsza przepowiednia nietrafiona .,positive,0.9977797865867615,0.9977797865867615,0.0013952829176560044,0.0008248845697380602,0.9969549020170234,
4524,Odwal się. Powracam do was. Dziś kupiłem kolejny pakiet,positive,0.5124509930610657,0.5124509930610657,0.46533238887786865,0.02221660688519478,0.4902343861758709,
937,"Waluty mocno drożeją, USA odkupuje dolara za sprzedane akcje, zimą sprzedawali USD średnio po 4PLN, czyli średni zysk na akcjach PKN to 30% kurs+10%waluta= 40% nieźle! A wy jutro trzymacie czy realizujecie.",positive,0.9975658655166626,0.9975658655166626,0.0021760929375886917,0.0002580797881819308,0.9973077857284807,
296,"Panie Adler, jak cena spada to znaczy przeważa podaż czyli ci co chcą sprzedać, a mały obrót to znaczy ze nie chcą już kupować.",positive,0.35471105575561523,0.35471105575561523,0.3018642067909241,0.3434247076511383,0.011286348104476929,
12823,"Ale chciałbym zrobić kółka i być jak najlepsi na tym forum.Sprzedałem 20 kilka procent akcji po 261, może w poniedziałek znowu zaczniemy na minusie i odkupie taniej, chociaż w tej chwili kiepsko to widzę. Potrzęśli kursem i strzepali kółkowiczy.Być może teraz podbijają kurs, żeby zrealizować zyski i poubierać ulice.",positive,0.5126174092292786,0.5126174092292786,0.4595220386981964,0.027860596776008606,0.48475681245326996,
18624,Na pewno wszyscy bendziemy bardzo bogaci i ja jestem longiem a nie szortem bo szorci oszukujom i ja dlatego jestem longiem i ja sie ciesze że pojedziemy wszyscy do Egiptu ale ja bendem spał z moim kolegom w mojej dwujce i ktoś jeszcze mose z nami spać ale w nogach!!!!!!,positive,0.4796293377876282,0.4796293377876282,0.45615339279174805,0.0642172247171402,0.415412113070488,
2146,Piękne branie przy korekcie. Na long term do 90 okazja.,positive,0.9981672763824463,0.9981672763824463,0.0014440451050177217,0.00038866946124471724,0.9977786069212016,
14231,Shorty akcje warte 227 zł,positive,0.3923438787460327,0.3923438787460327,0.3556572496891022,0.2519988417625427,0.14034503698349,
12175,"Spóźnialscy będą kupować,hmm jak powiedzialem koledze co mam w portfelu i jak sobie cdr radzi,zapytał to juuuuz?co tak rośnie ???",positive,0.5100527405738831,0.5100527405738831,0.2021060287952423,0.28784117102622986,0.2222115695476532,
5208,jasne i jest w tym biznes że ło kupujesz na+2% by dostać 1 zeta dywidendy ha ha ha,positive,0.5057792067527771,0.5057792067527771,0.4650672972202301,0.0291534885764122,0.4766257181763649,
24635,"Tak obstawiam, jak to mowia, nie ma sił na wzrosty to pewnie spadnie. Do tego zaraz raport, a wiadomo, ze po ostatnich 6 zawsze CDR spadal. Myślę, że może potrzebny taki spadek do 220 by wielu aktualnych akcjonariuszy sprzedalo, a wszedł nowy swieży akcjonariat i moze to popchenlo by kurs nad 300. Zobaczymy.",positive,0.4619136154651642,0.4619136154651642,0.4402086138725281,0.09787783771753311,0.3640357777476311,
13793,"na peronie stoisz valuś? zyski to zobaczysz już po 3kw i 4kw, więc cena 120 to kwestia czasu, chyba że leszczyki kupiły",positive,0.9980417490005493,0.9980417490005493,0.0012522682081907988,0.0007060086354613304,0.997335740365088,
4242,"Nie spada, rośnie od ponad roku grubo, przestańcie pie...lić że spadź trend wzrostowy niczym nie zakłócony z chwilowym boczniakiem, do premier coraz bliżej, teraz wakacje , mamy wywalone i poprostu czekamy, bo gruby hajs tu Longi zarobimy.",positive,0.9981957077980042,0.9981957077980042,0.001578198978677392,0.0002261268236907199,0.9979695809743134,
16255,"Ja tu sobie na spokojnie wczoraj kupilam akcje ukochanego LPP, a dziś wszyscy o mnie trąbią. Lecimy to the moon",positive,0.9992377758026123,0.9992377758026123,0.0006025820621289313,0.0001596781803527847,0.9990780976222595,
5482,"Daj numer do tej korekty co tak o niej gadasz, cieeekawe czy ciagnie lepiej niz long od 1,5 roku amigo",positive,0.5207840800285339,0.5207840800285339,0.3559914231300354,0.12322443723678589,0.39755964279174805,
4580,"Również BOŚ sugeruje shorta w miesięcznym raporcie. Co się dziwić, cena już jest w kosmosie. Aktualnie nie ma pod Co rosnąć i nawet shorty w miarę pouciekały. W zasadzie to ucieczka shortów popchała kurs do góry, gdyby siedziały to nadal by było 200+.",positive,0.998532772064209,0.998532772064209,0.0012334067141637206,0.0002338448102818802,0.9982989272539271,
1525,A skąd wiesz że sprzedałał ... geniuszu.,positive,0.9992308616638184,0.9992308616638184,0.0005269725224934518,0.00024220217892434448,0.998988659484894,
18585,Bo wy myślicie że ja zarabiam tylko to co znajdem w sita i duszlakach a to nie prawda bo od ustawienia jednego Toy Toya szef płaci mi 40 złotych a potem jak pilnujemy to mam 12 złotych na godzine i szef kupuje nam hod dogi a to co znajdem jak wypompowujemy to jest tylko dla mnie a tam można naprawdę sporo wyciongnoć ale nie pisze ile bo pieniondz lubi cisze!!!!!!!!,positive,0.9984539747238159,0.9984539747238159,0.0012503821635618806,0.00029559043468907475,0.9981583842891268,
26378,Będziesz kupować po 280,positive,0.43664222955703735,0.43664222955703735,0.1846400797367096,0.37871769070625305,0.0579245388507843,
16735,"ja kupiłem 400 wyżej, ale też liczę na fajne zyski :)Panowie nie bać się i nie dać się wyleszczyć!PRZYPOMINAM ŻE SPÓŁKA POKAZAŁA WYNIKI 33% LEPSZE NIŻ ROK WCZEŚNIEJ i żadej short tego nie zmieni.",positive,0.4274672567844391,0.4274672567844391,0.41776299476623535,0.15476979315280914,0.27269746363162994,
5875,Czego jeszcze nie rozumiecie? Sprzedawać i uciekać....,positive,0.48122331500053406,0.48122331500053406,0.4643250107765198,0.0544515997171402,0.42677171528339386,
5186,Poniżej 48 złotych to idzie kupić bardzo dobry termofor na temu.Jeszcze na parę skarpet wystarczy.Szybkiego powrotu do zdrowia życzę.,positive,0.4598817825317383,0.4598817825317383,0.38432440161705017,0.15579378604888916,0.3040879964828491,
15870,Shorty popełniają przestępstwo art. 286 kk,positive,0.4657602608203888,0.4657602608203888,0.437420129776001,0.09681960940361023,0.36894065141677856,
23438,Sprzedałem część przed dd za resztę zgarnąłem dywidendę za którą zamierzam odkupić jak cena będzie poniżej 80. Jak nie to resztę sprzedaję i dywersyfikuje portfel.,positive,0.9985768795013428,0.9985768795013428,0.001087984419427812,0.0003351377963554114,0.9982417417049874,
27834,Surowce w cenie. Trump wszędzie na świecie ich szuka. Wszystkie technologie ich potrzebują więc kurs średnioterminowo up. Oczywiście wahania dzienne zawsze będą bo shorty też chcą zarobić.,positive,0.509078323841095,0.509078323841095,0.47139546275138855,0.019526280462741852,0.4895520433783531,
4947,Spadki gwarantowane przez zagraniczne FundyRejestr krótkiej sprzedaży KNF: 16 krótkich pozycji na 14 spółkach. Shorty na GPW - parkiet.com,positive,0.4966270625591278,0.4966270625591278,0.42717114090919495,0.07620178908109665,0.42042527347803116,
2311,Biorę od rana jak leci. Sprzedałem fale JSW 35 tyś akcji. Za to Orlen zwiększam pakiet i Asbis. Nie widzę nic innego sensownego obecnie.,positive,0.9987727999687195,0.9987727999687195,0.0008489818428643048,0.00037820881698280573,0.9983945911517367,
18186,Koleg9 to jest świetny pomysł. Ja sobie też zrobię Wiedźmina ale na łytce. Żeby było widać też jak bende chodził w koszulce Deutsche Gabana co jom kupię jak akcje pujdom na 2500 zł za akcje.,positive,0.4189751446247101,0.4189751446247101,0.1934032440185547,0.38762161135673523,0.031353533267974854,
1909,Bzdura... cła są na przywóz a nie wywóz. Orlen kupuje od usa... Baran...,positive,0.5227066278457642,0.5227066278457642,0.3891753554344177,0.08811801671981812,0.43458861112594604,
