time_window,min_change,negative_consistent,negative_inconsistent,neutral_consistent,neutral_inconsistent,positive_consistent,positive_inconsistent
1,1,2,10,31,32,65,205
1,2,0,12,50,13,26,244
1,3,0,12,56,7,16,254
1,4,0,12,62,1,7,263
1,5,0,12,63,0,3,267
1,6,0,12,63,0,2,268
1,7,0,12,63,0,2,268
1,8,0,12,63,0,2,268
1,9,0,12,63,0,2,268
1,10,0,12,63,0,0,270
2,1,2,10,19,44,101,169
2,2,0,12,36,27,53,217
2,3,0,12,48,15,33,237
2,4,0,12,57,6,16,254
2,5,0,12,59,4,13,257
2,6,0,12,60,3,8,262
2,7,0,12,60,3,5,265
2,8,0,12,63,0,2,268
2,9,0,12,63,0,2,268
2,10,0,12,63,0,0,270
3,1,2,10,6,57,114,156
3,2,0,12,25,38,84,186
3,3,0,12,42,21,53,217
3,4,0,12,48,15,40,230
3,5,0,12,55,8,20,250
3,6,0,12,55,8,13,257
3,7,0,12,59,4,9,261
3,8,0,12,62,1,4,266
3,9,0,12,62,1,4,266
3,10,0,12,63,0,3,267
4,1,1,11,15,48,118,152
4,2,0,12,24,39,94,176
4,3,0,12,40,23,73,197
4,4,0,12,50,13,56,214
4,5,0,12,51,12,43,227
4,6,0,12,53,10,20,250
4,7,0,12,56,7,11,259
4,8,0,12,57,6,6,264
4,9,0,12,61,2,3,267
4,10,0,12,63,0,3,267
5,1,4,8,7,56,119,151
5,2,1,11,22,41,98,172
5,3,0,12,34,29,87,183
5,4,0,12,41,22,76,194
5,5,0,12,47,16,47,223
5,6,0,12,52,11,30,240
5,7,0,12,54,9,22,248
5,8,0,12,57,6,17,253
5,9,0,12,60,3,10,260
5,10,0,12,62,1,7,263
